https://www.ideas-events.com/itemimages/3381.jpg;;
https://www.ideas-events.com/itemimages/3380.jpg;;
https://www.ideas-events.com/itemimages/3379.jpg;;
https://www.ideas-events.com/itemimages/3081.jpg;;
https://www.ideas-events.com/itemimages/3080.jpg;;
https://www.ideas-events.com/itemimages/3083.jpg;;
https://www.ideas-events.com/itemimages/3084.jpg;;
https://www.ideas-events.com/itemimages/3082.jpg;;
https://www.ideas-events.com/itemimages/1521.jpg;https://www.ideas-events.com/itemimages/1521-1.jpg;
https://www.ideas-events.com/itemimages/1517.jpg;https://www.ideas-events.com/itemimages/1517-1.jpg;
https://www.ideas-events.com/itemimages/1633.jpg;;
https://www.ideas-events.com/itemimages/2697.jpg;;
https://www.ideas-events.com/itemimages/2696.jpg;;
https://www.ideas-events.com/itemimages/1524.jpg;;
https://www.ideas-events.com/itemimages/2072.jpg;https://www.ideas-events.com/itemimages/2072-1.jpg;
https://www.ideas-events.com/itemimages/1528.jpg;;
https://www.ideas-events.com/itemimages/1520.jpg;;
;;
https://www.ideas-events.com/itemimages/1523.jpg;;
https://www.ideas-events.com/itemimages/1535.jpg;;
https://www.ideas-events.com/itemimages/2698.jpg;;
https://www.ideas-events.com/itemimages/1538.jpg;;
https://www.ideas-events.com/itemimages/1540.jpg;https://www.ideas-events.com/itemimages/1540-1.jpg;
https://www.ideas-events.com/itemimages/1532.jpg;https://www.ideas-events.com/itemimages/1532-1.jpg;
https://www.ideas-events.com/itemimages/1541.jpg;https://www.ideas-events.com/itemimages/1541-1.jpg;
https://www.ideas-events.com/itemimages/1546.jpg;https://www.ideas-events.com/itemimages/1546-1.jpg;
https://www.ideas-events.com/itemimages/1543.jpg;https://www.ideas-events.com/itemimages/1543-1.jpg;
https://www.ideas-events.com/itemimages/1544.jpg;https://www.ideas-events.com/itemimages/1544-1.jpg;
https://www.ideas-events.com/itemimages/1551.jpg;;
https://www.ideas-events.com/itemimages/1549.jpg;;
https://www.ideas-events.com/itemimages/1545.jpg;https://www.ideas-events.com/itemimages/1545-1.jpg;
https://www.ideas-events.com/itemimages/1950.jpg;https://www.ideas-events.com/itemimages/1950-1.jpg;
https://www.ideas-events.com/itemimages/1951.jpg;https://www.ideas-events.com/itemimages/1951-1.jpg;
https://www.ideas-events.com/itemimages/3165.jpg;https://www.ideas-events.com/itemimages/3165-1.jpg;
https://www.ideas-events.com/itemimages/3101.jpg;;
https://www.ideas-events.com/itemimages/1912.jpg;;
https://www.ideas-events.com/itemimages/3073.jpg;;
https://www.ideas-events.com/itemimages/1057.jpg;https://www.ideas-events.com/itemimages/1057-1.jpg;https://www.ideas-events.com/itemimages/1057-2.jpg
https://www.ideas-events.com/itemimages/1058.jpg;https://www.ideas-events.com/itemimages/1058-1.jpg;
https://www.ideas-events.com/itemimages/1059.jpg;https://www.ideas-events.com/itemimages/1059-1.jpg;
https://www.ideas-events.com/itemimages/2541.jpg;;
https://www.ideas-events.com/itemimages/2542.jpg;;
https://www.ideas-events.com/itemimages/1060.jpg;;
https://www.ideas-events.com/itemimages/2069.jpg;;
https://www.ideas-events.com/itemimages/3392.jpg;;
https://www.ideas-events.com/itemimages/1061.jpg;https://www.ideas-events.com/itemimages/1061-1.jpg;
https://www.ideas-events.com/itemimages/1287.jpg;;
https://www.ideas-events.com/itemimages/1179.jpg;;
https://www.ideas-events.com/itemimages/2067.jpg;;
https://www.ideas-events.com/itemimages/2173.jpg;;
https://www.ideas-events.com/itemimages/2066.jpg;https://www.ideas-events.com/itemimages/2066-1.jpg;
https://www.ideas-events.com/itemimages/2993.jpg;;
https://www.ideas-events.com/itemimages/1062.jpg;https://www.ideas-events.com/itemimages/1062-1.jpg;
https://www.ideas-events.com/itemimages/1552.jpg;https://www.ideas-events.com/itemimages/1552-1.jpg;
;;
https://www.ideas-events.com/itemimages/2436.jpg;;
https://www.ideas-events.com/itemimages/2437.jpg;;
https://www.ideas-events.com/itemimages/2438.jpg;;
https://www.ideas-events.com/itemimages/2439.jpg;;
https://www.ideas-events.com/itemimages/2362.jpg;;
https://www.ideas-events.com/itemimages/2329.jpg;;
https://www.ideas-events.com/itemimages/2471.jpg;;
;;
https://www.ideas-events.com/itemimages/1834.jpg;https://www.ideas-events.com/itemimages/1834-1.jpg;
https://www.ideas-events.com/itemimages/1835.jpg;;
https://www.ideas-events.com/itemimages/1836.jpg;;
https://www.ideas-events.com/itemimages/1833.jpg;https://www.ideas-events.com/itemimages/1833-1.jpg;
https://www.ideas-events.com/itemimages/1832.jpg;https://www.ideas-events.com/itemimages/1832-1.jpg;
;;
;;
;;
;;
;;
https://www.ideas-events.com/itemimages/2507.jpg;;
;;
;;
;;
;;
;;
https://www.ideas-events.com/itemimages/2740.jpg;;
https://www.ideas-events.com/itemimages/2742.jpg;;
https://www.ideas-events.com/itemimages/2741.jpg;;
https://www.ideas-events.com/itemimages/2159.jpg;;
https://www.ideas-events.com/itemimages/2164.jpg;;
https://www.ideas-events.com/itemimages/2165.jpg;;
https://www.ideas-events.com/itemimages/2166.jpg;;
https://www.ideas-events.com/itemimages/2026.jpg;;
https://www.ideas-events.com/itemimages/3278.jpg;;
https://www.ideas-events.com/itemimages/2301.jpg;;
https://www.ideas-events.com/itemimages/3211.jpg;https://www.ideas-events.com/itemimages/3211-1.jpg;https://www.ideas-events.com/itemimages/3211-2.jpg
https://www.ideas-events.com/itemimages/1809.jpg;;
https://www.ideas-events.com/itemimages/3289.jpg;;
https://www.ideas-events.com/itemimages/1877.jpg;;
https://www.ideas-events.com/itemimages/2442.jpg;;
https://www.ideas-events.com/itemimages/1643.jpg;;
https://www.ideas-events.com/itemimages/2345.jpg;;
https://www.ideas-events.com/itemimages/2343.jpg;;
https://www.ideas-events.com/itemimages/3275.jpg;;
;;
https://www.ideas-events.com/itemimages/2466.jpg;;
https://www.ideas-events.com/itemimages/2354.jpg;;
https://www.ideas-events.com/itemimages/2320.jpg;;
https://www.ideas-events.com/itemimages/2321.jpg;;
https://www.ideas-events.com/itemimages/2322.jpg;;
https://www.ideas-events.com/itemimages/2042.jpg;;
https://www.ideas-events.com/itemimages/2323.jpg;;
https://www.ideas-events.com/itemimages/2324.jpg;;
https://www.ideas-events.com/itemimages/2325.jpg;;
https://www.ideas-events.com/itemimages/2326.jpg;;
https://www.ideas-events.com/itemimages/2344.jpg;https://www.ideas-events.com/itemimages/2344-1.jpg;
https://www.ideas-events.com/itemimages/2341.jpg;;
https://www.ideas-events.com/itemimages/2355.jpg;;
https://www.ideas-events.com/itemimages/2043.jpg;;
https://www.ideas-events.com/itemimages/2798.jpg;;
https://www.ideas-events.com/itemimages/3280.jpg;;
https://www.ideas-events.com/itemimages/2876.jpg;;
https://www.ideas-events.com/itemimages/2875.jpg;;
https://www.ideas-events.com/itemimages/3133.jpg;https://www.ideas-events.com/itemimages/3133-1.jpg;https://www.ideas-events.com/itemimages/3133-2.jpg
https://www.ideas-events.com/itemimages/3340.jpg;https://www.ideas-events.com/itemimages/3340-1.jpg;
https://www.ideas-events.com/itemimages/2720.jpg;;
https://www.ideas-events.com/itemimages/2757.jpg;https://www.ideas-events.com/itemimages/2757-1.jpg;
https://www.ideas-events.com/itemimages/2188.jpg;;
https://www.ideas-events.com/itemimages/2190.jpg;;
https://www.ideas-events.com/itemimages/2191.jpg;;
https://www.ideas-events.com/itemimages/2192.jpg;;
https://www.ideas-events.com/itemimages/2186.jpg;;
;;
https://www.ideas-events.com/itemimages/2963.jpg;;
https://www.ideas-events.com/itemimages/3033.jpg;https://www.ideas-events.com/itemimages/3033-1.jpg;https://www.ideas-events.com/itemimages/3033-2.jpg
https://www.ideas-events.com/itemimages/3034.jpg;https://www.ideas-events.com/itemimages/3034-1.jpg;https://www.ideas-events.com/itemimages/3034-2.jpg
https://www.ideas-events.com/itemimages/3059.jpg;;
https://www.ideas-events.com/itemimages/3035.jpg;https://www.ideas-events.com/itemimages/3035-1.jpg;
https://www.ideas-events.com/itemimages/2517.jpg;https://www.ideas-events.com/itemimages/2517-1.jpg;https://www.ideas-events.com/itemimages/2517-2.jpg
https://www.ideas-events.com/itemimages/3132.jpg;https://www.ideas-events.com/itemimages/3132-1.jpg;https://www.ideas-events.com/itemimages/3132-2.jpg
https://www.ideas-events.com/itemimages/1076.jpg;https://www.ideas-events.com/itemimages/1076-1.jpg;https://www.ideas-events.com/itemimages/1076-2.jpg
https://www.ideas-events.com/itemimages/2058.jpg;;
https://www.ideas-events.com/itemimages/3248.jpg;https://www.ideas-events.com/itemimages/3248-1.jpg;
https://www.ideas-events.com/itemimages/1079.jpg;;
https://www.ideas-events.com/itemimages/1082.jpg;https://www.ideas-events.com/itemimages/1082-1.jpg;
https://www.ideas-events.com/itemimages/1937.jpg;;
https://www.ideas-events.com/itemimages/2756.jpg;https://www.ideas-events.com/itemimages/2756-1.jpg;
https://www.ideas-events.com/itemimages/1989.jpg;https://www.ideas-events.com/itemimages/1989-1.jpg;
https://www.ideas-events.com/itemimages/1083.jpg;https://www.ideas-events.com/itemimages/1083-1.jpg;
;;
https://www.ideas-events.com/itemimages/1196.jpg;;
https://www.ideas-events.com/itemimages/2746.jpg;;
https://www.ideas-events.com/itemimages/2747.jpg;;
https://www.ideas-events.com/itemimages/2029.jpg;;
https://www.ideas-events.com/itemimages/2996.jpg;;
https://www.ideas-events.com/itemimages/3078.jpg;https://www.ideas-events.com/itemimages/3078-1.jpg;
;;
https://www.ideas-events.com/itemimages/2027.jpg;;
https://www.ideas-events.com/itemimages/1117.jpg;https://www.ideas-events.com/itemimages/1117-1.jpg;https://www.ideas-events.com/itemimages/1117-2.jpg
https://www.ideas-events.com/itemimages/1168.jpg;;
https://www.ideas-events.com/itemimages/3385.jpg;;
https://www.ideas-events.com/itemimages/3386.jpg;https://www.ideas-events.com/itemimages/3386-1.jpg;
https://www.ideas-events.com/itemimages/3387.jpg;https://www.ideas-events.com/itemimages/3387-1.jpg;
https://www.ideas-events.com/itemimages/2025.jpg;https://www.ideas-events.com/itemimages/2025-1.jpg;
https://www.ideas-events.com/itemimages/1852.jpg;;
https://www.ideas-events.com/itemimages/1728.jpg;https://www.ideas-events.com/itemimages/1728-1.jpg;
https://www.ideas-events.com/itemimages/1727.jpg;https://www.ideas-events.com/itemimages/1727-1.jpg;
https://www.ideas-events.com/itemimages/1726.jpg;https://www.ideas-events.com/itemimages/1726-1.jpg;
https://www.ideas-events.com/itemimages/1851.jpg;;
https://www.ideas-events.com/itemimages/1850.jpg;;
https://www.ideas-events.com/itemimages/2346.jpg;;
https://www.ideas-events.com/itemimages/2871.jpg;;
https://www.ideas-events.com/itemimages/2872.jpg;;
https://www.ideas-events.com/itemimages/2873.jpg;;
https://www.ideas-events.com/itemimages/2874.jpg;;
https://www.ideas-events.com/itemimages/2410.jpg;;
https://www.ideas-events.com/itemimages/2411.jpg;;
https://www.ideas-events.com/itemimages/2785.jpg;;
https://www.ideas-events.com/itemimages/2786.jpg;;
https://www.ideas-events.com/itemimages/3085.jpg;https://www.ideas-events.com/itemimages/3085-1.jpg;https://www.ideas-events.com/itemimages/3085-2.jpg
https://www.ideas-events.com/itemimages/3086.jpg;;
https://www.ideas-events.com/itemimages/3087.jpg;;
https://www.ideas-events.com/itemimages/3088.jpg;https://www.ideas-events.com/itemimages/3088-1.jpg;
https://www.ideas-events.com/itemimages/2347.jpg;;
https://www.ideas-events.com/itemimages/2298.jpg;;
https://www.ideas-events.com/itemimages/2300.jpg;;
https://www.ideas-events.com/itemimages/2887.jpg;;
https://www.ideas-events.com/itemimages/2888.jpg;;
https://www.ideas-events.com/itemimages/2048.jpg;;
https://www.ideas-events.com/itemimages/2299.jpg;;
https://www.ideas-events.com/itemimages/2760.jpg;;
https://www.ideas-events.com/itemimages/2365.jpg;;
;;
https://www.ideas-events.com/itemimages/2724.jpg;;
https://www.ideas-events.com/itemimages/2789.jpg;;
https://www.ideas-events.com/itemimages/2790.jpg;;
;;
https://www.ideas-events.com/itemimages/1000.jpg;https://www.ideas-events.com/itemimages/1000-1.jpg;https://www.ideas-events.com/itemimages/1000-2.jpg
https://www.ideas-events.com/itemimages/1002.jpg;https://www.ideas-events.com/itemimages/1002-1.jpg;https://www.ideas-events.com/itemimages/1002-2.jpg
https://www.ideas-events.com/itemimages/2532.jpg;;
https://www.ideas-events.com/itemimages/1288.jpg;https://www.ideas-events.com/itemimages/1288-1.jpg;https://www.ideas-events.com/itemimages/1288-2.jpg
https://www.ideas-events.com/itemimages/3440.jpg;;
https://www.ideas-events.com/itemimages/3263.jpg;;
https://www.ideas-events.com/itemimages/3264.jpg;;
https://www.ideas-events.com/itemimages/3265.jpg;;
https://www.ideas-events.com/itemimages/3266.jpg;;
https://www.ideas-events.com/itemimages/3388.jpg;;
https://www.ideas-events.com/itemimages/3197.jpg;;
https://www.ideas-events.com/itemimages/2886.jpg;;
https://www.ideas-events.com/itemimages/2703.jpg;;
https://www.ideas-events.com/itemimages/2704.jpg;;
https://www.ideas-events.com/itemimages/1438.jpg;;
https://www.ideas-events.com/itemimages/3317.jpg;;
;;
https://www.ideas-events.com/itemimages/1261.jpg;;
https://www.ideas-events.com/itemimages/1280.jpg;;
https://www.ideas-events.com/itemimages/1278.jpg;;
https://www.ideas-events.com/itemimages/1425.jpg;;
https://www.ideas-events.com/itemimages/2493.jpg;;
https://www.ideas-events.com/itemimages/2491.jpg;;
https://www.ideas-events.com/itemimages/1755.jpg;;
https://www.ideas-events.com/itemimages/3221.jpg;;
https://www.ideas-events.com/itemimages/3137.jpg;;
https://www.ideas-events.com/itemimages/2552.jpg;;
https://www.ideas-events.com/itemimages/2553.jpg;;
https://www.ideas-events.com/itemimages/2554.jpg;;
https://www.ideas-events.com/itemimages/2156.jpg;;
https://www.ideas-events.com/itemimages/1382.jpg;;
https://www.ideas-events.com/itemimages/1383.jpg;;
https://www.ideas-events.com/itemimages/2452.jpg;;
https://www.ideas-events.com/itemimages/2467.jpg;;
https://www.ideas-events.com/itemimages/1768.jpg;https://www.ideas-events.com/itemimages/1768-1.jpg;
https://www.ideas-events.com/itemimages/1384.jpg;;
https://www.ideas-events.com/itemimages/2717.jpg;;
https://www.ideas-events.com/itemimages/1394.jpg;;
https://www.ideas-events.com/itemimages/1395.jpg;;
https://www.ideas-events.com/itemimages/1390.jpg;;
https://www.ideas-events.com/itemimages/3491.jpg;https://www.ideas-events.com/itemimages/3491-1.jpg;https://www.ideas-events.com/itemimages/3491-2.jpg
https://www.ideas-events.com/itemimages/2716.jpg;;
https://www.ideas-events.com/itemimages/2718.jpg;;
https://www.ideas-events.com/itemimages/1391.jpg;;
https://www.ideas-events.com/itemimages/2710.jpg;;
https://www.ideas-events.com/itemimages/1399.jpg;https://www.ideas-events.com/itemimages/1399-1.jpg;
https://www.ideas-events.com/itemimages/1400.jpg;https://www.ideas-events.com/itemimages/1400-1.jpg;
https://www.ideas-events.com/itemimages/1401.jpg;https://www.ideas-events.com/itemimages/1401-1.jpg;
https://www.ideas-events.com/itemimages/3004.jpg;https://www.ideas-events.com/itemimages/3004-1.jpg;
https://www.ideas-events.com/itemimages/3005.jpg;;
https://www.ideas-events.com/itemimages/3166.jpg;https://www.ideas-events.com/itemimages/3166-1.jpg;https://www.ideas-events.com/itemimages/3166-2.jpg
https://www.ideas-events.com/itemimages/2220.jpg;;
;;
https://www.ideas-events.com/itemimages/3338.jpg;;
https://www.ideas-events.com/itemimages/2083.jpg;;
https://www.ideas-events.com/itemimages/2762.jpg;;
https://www.ideas-events.com/itemimages/2098.jpg;;
https://www.ideas-events.com/itemimages/2099.jpg;;
https://www.ideas-events.com/itemimages/2103.jpg;;
https://www.ideas-events.com/itemimages/2100.jpg;;
https://www.ideas-events.com/itemimages/2973.jpg;;
https://www.ideas-events.com/itemimages/2484.jpg;;
https://www.ideas-events.com/itemimages/3445.jpg;;
https://www.ideas-events.com/itemimages/3448.jpg;;
https://www.ideas-events.com/itemimages/3443.jpg;;
https://www.ideas-events.com/itemimages/3441.jpg;;
https://www.ideas-events.com/itemimages/3442.jpg;;
https://www.ideas-events.com/itemimages/3446.jpg;;
https://www.ideas-events.com/itemimages/3444.jpg;;
https://www.ideas-events.com/itemimages/2956.jpg;https://www.ideas-events.com/itemimages/2956-1.jpg;
https://www.ideas-events.com/itemimages/3069.jpg;;
https://www.ideas-events.com/itemimages/3281.jpg;;
https://www.ideas-events.com/itemimages/3348.jpg;https://www.ideas-events.com/itemimages/3348-1.jpg;
https://www.ideas-events.com/itemimages/2659.jpg;;
https://www.ideas-events.com/itemimages/2660.jpg;;
https://www.ideas-events.com/itemimages/3390.jpg;;
https://www.ideas-events.com/itemimages/3457.jpg;https://www.ideas-events.com/itemimages/3457-1.jpg;https://www.ideas-events.com/itemimages/3457-2.jpg
https://www.ideas-events.com/itemimages/3458.jpg;https://www.ideas-events.com/itemimages/3458-1.jpg;https://www.ideas-events.com/itemimages/3458-2.jpg
https://www.ideas-events.com/itemimages/3459.jpg;;
https://www.ideas-events.com/itemimages/1664.jpg;https://www.ideas-events.com/itemimages/1664-1.jpg;https://www.ideas-events.com/itemimages/1664-2.jpg
https://www.ideas-events.com/itemimages/1085.jpg;;
;;
https://www.ideas-events.com/itemimages/1881.jpg;;
https://www.ideas-events.com/itemimages/1879.jpg;;
https://www.ideas-events.com/itemimages/1099.jpg;;
https://www.ideas-events.com/itemimages/1100.jpg;;
https://www.ideas-events.com/itemimages/1092.jpg;https://www.ideas-events.com/itemimages/1092-1.jpg;https://www.ideas-events.com/itemimages/1092-2.jpg
https://www.ideas-events.com/itemimages/1094.jpg;https://www.ideas-events.com/itemimages/1094-1.jpg;https://www.ideas-events.com/itemimages/1094-2.jpg
https://www.ideas-events.com/itemimages/1091.jpg;https://www.ideas-events.com/itemimages/1091-1.jpg;https://www.ideas-events.com/itemimages/1091-2.jpg
https://www.ideas-events.com/itemimages/1090.jpg;https://www.ideas-events.com/itemimages/1090-1.jpg;https://www.ideas-events.com/itemimages/1090-2.jpg
https://www.ideas-events.com/itemimages/3488.jpg;;
https://www.ideas-events.com/itemimages/1095.jpg;;
;;
https://www.ideas-events.com/itemimages/1097.jpg;https://www.ideas-events.com/itemimages/1097-1.jpg;
https://www.ideas-events.com/itemimages/2869.jpg;;
;;
;;
https://www.ideas-events.com/itemimages/2985.jpg;;
https://www.ideas-events.com/itemimages/2455.jpg;;
https://www.ideas-events.com/itemimages/2518.jpg;;
;;
https://www.ideas-events.com/itemimages/3010.jpg;;
https://www.ideas-events.com/itemimages/3015.jpg;;
https://www.ideas-events.com/itemimages/2986.jpg;https://www.ideas-events.com/itemimages/2986-1.jpg;
;;
https://www.ideas-events.com/itemimages/2712.jpg;;
https://www.ideas-events.com/itemimages/2713.jpg;;
https://www.ideas-events.com/itemimages/2714.jpg;;
https://www.ideas-events.com/itemimages/2715.jpg;;
https://www.ideas-events.com/itemimages/2708.jpg;;
https://www.ideas-events.com/itemimages/2709.jpg;;
;;
https://www.ideas-events.com/itemimages/1456.jpg;;
https://www.ideas-events.com/itemimages/2150.jpg;;
https://www.ideas-events.com/itemimages/2862.jpg;;
https://www.ideas-events.com/itemimages/1587.jpg;;
https://www.ideas-events.com/itemimages/1576.jpg;https://www.ideas-events.com/itemimages/1576-1.jpg;
https://www.ideas-events.com/itemimages/1462.jpg;;
https://www.ideas-events.com/itemimages/3270.jpg;;
;;
https://www.ideas-events.com/itemimages/1586.jpg;https://www.ideas-events.com/itemimages/1586-1.jpg;https://www.ideas-events.com/itemimages/1586-2.jpg
;;
https://www.ideas-events.com/itemimages/1464.jpg;https://www.ideas-events.com/itemimages/1464-1.jpg;https://www.ideas-events.com/itemimages/1464-2.jpg
https://www.ideas-events.com/itemimages/1460.jpg;https://www.ideas-events.com/itemimages/1460-1.jpg;
https://www.ideas-events.com/itemimages/1463.jpg;https://www.ideas-events.com/itemimages/1463-1.jpg;https://www.ideas-events.com/itemimages/1463-2.jpg
https://www.ideas-events.com/itemimages/2834.jpg;;
;;
https://www.ideas-events.com/itemimages/2863.jpg;;
;;
;;
;;
;;
;;
https://www.ideas-events.com/itemimages/1577.jpg;https://www.ideas-events.com/itemimages/1577-1.jpg;
https://www.ideas-events.com/itemimages/3191.jpg;;
https://www.ideas-events.com/itemimages/3135.jpg;;
https://www.ideas-events.com/itemimages/2983.jpg;;
https://www.ideas-events.com/itemimages/2984.jpg;;
https://www.ideas-events.com/itemimages/2459.jpg;;
https://www.ideas-events.com/itemimages/2432.jpg;;
https://www.ideas-events.com/itemimages/2458.jpg;;
https://www.ideas-events.com/itemimages/2456.jpg;;
https://www.ideas-events.com/itemimages/1074.jpg;;
https://www.ideas-events.com/itemimages/1066.jpg;;
https://www.ideas-events.com/itemimages/1070.jpg;;
https://www.ideas-events.com/itemimages/1380.jpg;;
https://www.ideas-events.com/itemimages/3370.jpg;;
https://www.ideas-events.com/itemimages/3454.jpg;;
https://www.ideas-events.com/itemimages/2694.jpg;;
https://www.ideas-events.com/itemimages/2776.jpg;;
https://www.ideas-events.com/itemimages/2690.jpg;;
https://www.ideas-events.com/itemimages/2777.jpg;;
https://www.ideas-events.com/itemimages/2780.jpg;;
https://www.ideas-events.com/itemimages/2748.jpg;;
https://www.ideas-events.com/itemimages/3210.jpg;;
https://www.ideas-events.com/itemimages/3188.jpg;;
https://www.ideas-events.com/itemimages/3187.jpg;;
https://www.ideas-events.com/itemimages/3067.jpg;;
https://www.ideas-events.com/itemimages/2732.jpg;;
https://www.ideas-events.com/itemimages/1771.jpg;;
https://www.ideas-events.com/itemimages/1769.jpg;;
https://www.ideas-events.com/itemimages/2349.jpg;;
https://www.ideas-events.com/itemimages/1988.jpg;;
https://www.ideas-events.com/itemimages/1770.jpg;;
https://www.ideas-events.com/itemimages/3057.jpg;;
https://www.ideas-events.com/itemimages/3382.jpg;https://www.ideas-events.com/itemimages/3382-1.jpg;
;;
https://www.ideas-events.com/itemimages/1559.jpg;;
https://www.ideas-events.com/itemimages/3272.jpg;;
;;
;;
https://www.ideas-events.com/itemimages/1745.jpg;;
https://www.ideas-events.com/itemimages/1737.jpg;;
https://www.ideas-events.com/itemimages/1740.jpg;https://www.ideas-events.com/itemimages/1740-1.jpg;
https://www.ideas-events.com/itemimages/1743.jpg;https://www.ideas-events.com/itemimages/1743-1.jpg;
https://www.ideas-events.com/itemimages/1742.jpg;;
https://www.ideas-events.com/itemimages/1744.jpg;;
https://www.ideas-events.com/itemimages/1739.jpg;;
https://www.ideas-events.com/itemimages/2393.jpg;https://www.ideas-events.com/itemimages/2393-1.jpg;
https://www.ideas-events.com/itemimages/2394.jpg;https://www.ideas-events.com/itemimages/2394-1.jpg;
;;
;;
https://www.ideas-events.com/itemimages/1010.jpg;;
https://www.ideas-events.com/itemimages/1011.jpg;;
https://www.ideas-events.com/itemimages/1012.jpg;;
https://www.ideas-events.com/itemimages/1009.jpg;https://www.ideas-events.com/itemimages/1009-1.jpg;https://www.ideas-events.com/itemimages/1009-2.jpg
https://www.ideas-events.com/itemimages/1015.jpg;;
https://www.ideas-events.com/itemimages/1016.jpg;;
https://www.ideas-events.com/itemimages/1007.jpg;https://www.ideas-events.com/itemimages/1007-1.jpg;https://www.ideas-events.com/itemimages/1007-2.jpg
https://www.ideas-events.com/itemimages/1013.jpg;https://www.ideas-events.com/itemimages/1013-1.jpg;https://www.ideas-events.com/itemimages/1013-2.jpg
https://www.ideas-events.com/itemimages/1014.jpg;;
https://www.ideas-events.com/itemimages/1170.jpg;;
https://www.ideas-events.com/itemimages/3136.jpg;https://www.ideas-events.com/itemimages/3136-1.jpg;https://www.ideas-events.com/itemimages/3136-2.jpg
https://www.ideas-events.com/itemimages/1003.jpg;https://www.ideas-events.com/itemimages/1003-1.jpg;https://www.ideas-events.com/itemimages/1003-2.jpg
https://www.ideas-events.com/itemimages/1418.jpg;https://www.ideas-events.com/itemimages/1418-1.jpg;
https://www.ideas-events.com/itemimages/2473.jpg;;
https://www.ideas-events.com/itemimages/2994.jpg;;
https://www.ideas-events.com/itemimages/3156.jpg;;
https://www.ideas-events.com/itemimages/3218.jpg;https://www.ideas-events.com/itemimages/3218-1.jpg;
https://www.ideas-events.com/itemimages/3217.jpg;;
https://www.ideas-events.com/itemimages/3418.jpg;;
https://www.ideas-events.com/itemimages/2057.jpg;;
https://www.ideas-events.com/itemimages/3493.jpg;https://www.ideas-events.com/itemimages/3493-1.jpg;https://www.ideas-events.com/itemimages/3493-2.jpg
https://www.ideas-events.com/itemimages/2054.jpg;;
https://www.ideas-events.com/itemimages/3497.jpg;https://www.ideas-events.com/itemimages/3497-1.jpg;https://www.ideas-events.com/itemimages/3497-2.jpg
https://www.ideas-events.com/itemimages/1419.jpg;https://www.ideas-events.com/itemimages/1419-1.jpg;
https://www.ideas-events.com/itemimages/1173.jpg;https://www.ideas-events.com/itemimages/1173-1.jpg;
https://www.ideas-events.com/itemimages/1143.jpg;https://www.ideas-events.com/itemimages/1143-1.jpg;https://www.ideas-events.com/itemimages/1143-2.jpg
https://www.ideas-events.com/itemimages/1416.jpg;;
https://www.ideas-events.com/itemimages/1607.jpg;;
https://www.ideas-events.com/itemimages/1606.jpg;;
https://www.ideas-events.com/itemimages/2056.jpg;;
https://www.ideas-events.com/itemimages/1049.jpg;;
https://www.ideas-events.com/itemimages/1050.jpg;;
https://www.ideas-events.com/itemimages/1054.jpg;;
https://www.ideas-events.com/itemimages/2055.jpg;;
;;
https://www.ideas-events.com/itemimages/3143.jpg;https://www.ideas-events.com/itemimages/3143-1.jpg;
https://www.ideas-events.com/itemimages/2607.jpg;;
;;
;;
https://www.ideas-events.com/itemimages/1053.jpg;https://www.ideas-events.com/itemimages/1053-1.jpg;
https://www.ideas-events.com/itemimages/2613.jpg;;
;;
;;
;;
https://www.ideas-events.com/itemimages/2727.jpg;;
https://www.ideas-events.com/itemimages/2728.jpg;;
https://www.ideas-events.com/itemimages/2431.jpg;;
https://www.ideas-events.com/itemimages/2426.jpg;;
https://www.ideas-events.com/itemimages/2427.jpg;;
https://www.ideas-events.com/itemimages/2642.jpg;;
https://www.ideas-events.com/itemimages/2643.jpg;;
https://www.ideas-events.com/itemimages/1205.jpg;;
https://www.ideas-events.com/itemimages/1620.jpg;;
https://www.ideas-events.com/itemimages/3502.jpg;;
https://www.ideas-events.com/itemimages/2629.jpg;https://www.ideas-events.com/itemimages/2629-1.jpg;
https://www.ideas-events.com/itemimages/1625.jpg;;
https://www.ideas-events.com/itemimages/2730.jpg;;
https://www.ideas-events.com/itemimages/1622.jpg;;
https://www.ideas-events.com/itemimages/1621.jpg;;
https://www.ideas-events.com/itemimages/1613.jpg;;
https://www.ideas-events.com/itemimages/1614.jpg;;
https://www.ideas-events.com/itemimages/1934.jpg;;
https://www.ideas-events.com/itemimages/3212.jpg;;
https://www.ideas-events.com/itemimages/1623.jpg;;
https://www.ideas-events.com/itemimages/2632.jpg;;
https://www.ideas-events.com/itemimages/3424.jpg;;
https://www.ideas-events.com/itemimages/2630.jpg;;
https://www.ideas-events.com/itemimages/2631.jpg;;
https://www.ideas-events.com/itemimages/1615.jpg;;
https://www.ideas-events.com/itemimages/1616.jpg;;
https://www.ideas-events.com/itemimages/1617.jpg;;
https://www.ideas-events.com/itemimages/3213.jpg;;
https://www.ideas-events.com/itemimages/1618.jpg;;
https://www.ideas-events.com/itemimages/1619.jpg;;
https://www.ideas-events.com/itemimages/1624.jpg;;
https://www.ideas-events.com/itemimages/3333.jpg;;
https://www.ideas-events.com/itemimages/3501.jpg;;
https://www.ideas-events.com/itemimages/1612.jpg;;
https://www.ideas-events.com/itemimages/1955.jpg;;
https://www.ideas-events.com/itemimages/1611.jpg;;
https://www.ideas-events.com/itemimages/2367.jpg;;
https://www.ideas-events.com/itemimages/2422.jpg;;
https://www.ideas-events.com/itemimages/2420.jpg;;
https://www.ideas-events.com/itemimages/2879.jpg;https://www.ideas-events.com/itemimages/2879-1.jpg;
https://www.ideas-events.com/itemimages/2877.jpg;https://www.ideas-events.com/itemimages/2877-1.jpg;
https://www.ideas-events.com/itemimages/2465.jpg;;
https://www.ideas-events.com/itemimages/2464.jpg;;
https://www.ideas-events.com/itemimages/3017.jpg;;
https://www.ideas-events.com/itemimages/2991.jpg;;
https://www.ideas-events.com/itemimages/3206.jpg;;
https://www.ideas-events.com/itemimages/3384.jpg;;
https://www.ideas-events.com/itemimages/2990.jpg;https://www.ideas-events.com/itemimages/2990-1.jpg;
https://www.ideas-events.com/itemimages/3145.jpg;;
https://www.ideas-events.com/itemimages/3383.jpg;;
https://www.ideas-events.com/itemimages/2424.jpg;;
https://www.ideas-events.com/itemimages/3429.jpg;;
https://www.ideas-events.com/itemimages/2936.jpg;;
https://www.ideas-events.com/itemimages/2787.jpg;;
https://www.ideas-events.com/itemimages/2461.jpg;;
https://www.ideas-events.com/itemimages/2403.jpg;;
https://www.ideas-events.com/itemimages/2404.jpg;;
;;
https://www.ideas-events.com/itemimages/2778.jpg;;
https://www.ideas-events.com/itemimages/2408.jpg;;
https://www.ideas-events.com/itemimages/2384.jpg;;
https://www.ideas-events.com/itemimages/2405.jpg;;
https://www.ideas-events.com/itemimages/2383.jpg;;
https://www.ideas-events.com/itemimages/2386.jpg;;
https://www.ideas-events.com/itemimages/2407.jpg;;
https://www.ideas-events.com/itemimages/2387.jpg;;
https://www.ideas-events.com/itemimages/2779.jpg;;
https://www.ideas-events.com/itemimages/2462.jpg;;
https://www.ideas-events.com/itemimages/2388.jpg;;
https://www.ideas-events.com/itemimages/2197.jpg;;
https://www.ideas-events.com/itemimages/2194.jpg;;
https://www.ideas-events.com/itemimages/2195.jpg;;
https://www.ideas-events.com/itemimages/2196.jpg;;
https://www.ideas-events.com/itemimages/2198.jpg;;
https://www.ideas-events.com/itemimages/2941.jpg;;
https://www.ideas-events.com/itemimages/2937.jpg;;
https://www.ideas-events.com/itemimages/3241.jpg;;
https://www.ideas-events.com/itemimages/2938.jpg;;
https://www.ideas-events.com/itemimages/2940.jpg;;
https://www.ideas-events.com/itemimages/2953.jpg;;
https://www.ideas-events.com/itemimages/2952.jpg;;
https://www.ideas-events.com/itemimages/2032.jpg;https://www.ideas-events.com/itemimages/2032-1.jpg;
https://www.ideas-events.com/itemimages/2030.jpg;https://www.ideas-events.com/itemimages/2030-1.jpg;
https://www.ideas-events.com/itemimages/2943.jpg;;
https://www.ideas-events.com/itemimages/2942.jpg;;
https://www.ideas-events.com/itemimages/3122.jpg;;
https://www.ideas-events.com/itemimages/3123.jpg;;
https://www.ideas-events.com/itemimages/3246.jpg;;
https://www.ideas-events.com/itemimages/2252.jpg;;
https://www.ideas-events.com/itemimages/2269.jpg;;
https://www.ideas-events.com/itemimages/2264.jpg;;
https://www.ideas-events.com/itemimages/2240.jpg;;
https://www.ideas-events.com/itemimages/2288.jpg;;
https://www.ideas-events.com/itemimages/2237.jpg;;
https://www.ideas-events.com/itemimages/2265.jpg;;
https://www.ideas-events.com/itemimages/2290.jpg;;
https://www.ideas-events.com/itemimages/2282.jpg;;
https://www.ideas-events.com/itemimages/2286.jpg;;
https://www.ideas-events.com/itemimages/2263.jpg;;
https://www.ideas-events.com/itemimages/2249.jpg;;
https://www.ideas-events.com/itemimages/2260.jpg;;
https://www.ideas-events.com/itemimages/2243.jpg;;
https://www.ideas-events.com/itemimages/2272.jpg;;
https://www.ideas-events.com/itemimages/2281.jpg;;
https://www.ideas-events.com/itemimages/2241.jpg;;
https://www.ideas-events.com/itemimages/2280.jpg;;
https://www.ideas-events.com/itemimages/2246.jpg;;
https://www.ideas-events.com/itemimages/2278.jpg;;
https://www.ideas-events.com/itemimages/2274.jpg;;
https://www.ideas-events.com/itemimages/2271.jpg;;
https://www.ideas-events.com/itemimages/2284.jpg;;
https://www.ideas-events.com/itemimages/2266.jpg;;
https://www.ideas-events.com/itemimages/2283.jpg;;
https://www.ideas-events.com/itemimages/2248.jpg;;
https://www.ideas-events.com/itemimages/2251.jpg;;
https://www.ideas-events.com/itemimages/2279.jpg;;
https://www.ideas-events.com/itemimages/2273.jpg;;
https://www.ideas-events.com/itemimages/2256.jpg;;
https://www.ideas-events.com/itemimages/2261.jpg;;
https://www.ideas-events.com/itemimages/2285.jpg;;
https://www.ideas-events.com/itemimages/2270.jpg;;
https://www.ideas-events.com/itemimages/2253.jpg;;
https://www.ideas-events.com/itemimages/2289.jpg;;
https://www.ideas-events.com/itemimages/2268.jpg;;
https://www.ideas-events.com/itemimages/2239.jpg;;
https://www.ideas-events.com/itemimages/2259.jpg;;
https://www.ideas-events.com/itemimages/2275.jpg;;
https://www.ideas-events.com/itemimages/2247.jpg;;
https://www.ideas-events.com/itemimages/2262.jpg;;
https://www.ideas-events.com/itemimages/2267.jpg;;
https://www.ideas-events.com/itemimages/2244.jpg;;
https://www.ideas-events.com/itemimages/2287.jpg;;
https://www.ideas-events.com/itemimages/2250.jpg;;
https://www.ideas-events.com/itemimages/2254.jpg;;
https://www.ideas-events.com/itemimages/2276.jpg;;
https://www.ideas-events.com/itemimages/2242.jpg;;
https://www.ideas-events.com/itemimages/2245.jpg;;
https://www.ideas-events.com/itemimages/2257.jpg;;
https://www.ideas-events.com/itemimages/2292.jpg;;
https://www.ideas-events.com/itemimages/2258.jpg;;
https://www.ideas-events.com/itemimages/2238.jpg;;
https://www.ideas-events.com/itemimages/2255.jpg;;
https://www.ideas-events.com/itemimages/2236.jpg;;
https://www.ideas-events.com/itemimages/2291.jpg;;
https://www.ideas-events.com/itemimages/1387.jpg;;
https://www.ideas-events.com/itemimages/1389.jpg;;
https://www.ideas-events.com/itemimages/3180.jpg;https://www.ideas-events.com/itemimages/3180-1.jpg;https://www.ideas-events.com/itemimages/3180-2.jpg
https://www.ideas-events.com/itemimages/3181.jpg;https://www.ideas-events.com/itemimages/3181-1.jpg;https://www.ideas-events.com/itemimages/3181-2.jpg
https://www.ideas-events.com/itemimages/3182.jpg;https://www.ideas-events.com/itemimages/3182-1.jpg;https://www.ideas-events.com/itemimages/3182-2.jpg
https://www.ideas-events.com/itemimages/2626.jpg;;
https://www.ideas-events.com/itemimages/2625.jpg;;
https://www.ideas-events.com/itemimages/2627.jpg;;
https://www.ideas-events.com/itemimages/2957.jpg;https://www.ideas-events.com/itemimages/2957-1.jpg;https://www.ideas-events.com/itemimages/2957-2.jpg
https://www.ideas-events.com/itemimages/2909.jpg;;
https://www.ideas-events.com/itemimages/2911.jpg;;
https://www.ideas-events.com/itemimages/3269.jpg;;
https://www.ideas-events.com/itemimages/1661.jpg;https://www.ideas-events.com/itemimages/1661-1.jpg;https://www.ideas-events.com/itemimages/1661-2.jpg
https://www.ideas-events.com/itemimages/1660.jpg;https://www.ideas-events.com/itemimages/1660-1.jpg;
https://www.ideas-events.com/itemimages/3243.jpg;https://www.ideas-events.com/itemimages/3243-1.jpg;https://www.ideas-events.com/itemimages/3243-2.jpg
https://www.ideas-events.com/itemimages/1370.jpg;;
https://www.ideas-events.com/itemimages/1895.jpg;https://www.ideas-events.com/itemimages/1895-1.jpg;https://www.ideas-events.com/itemimages/1895-2.jpg
https://www.ideas-events.com/itemimages/2139.jpg;https://www.ideas-events.com/itemimages/2139-1.jpg;https://www.ideas-events.com/itemimages/2139-2.jpg
https://www.ideas-events.com/itemimages/2143.jpg;https://www.ideas-events.com/itemimages/2143-1.jpg;https://www.ideas-events.com/itemimages/2143-2.jpg
https://www.ideas-events.com/itemimages/2141.jpg;https://www.ideas-events.com/itemimages/2141-1.jpg;https://www.ideas-events.com/itemimages/2141-2.jpg
https://www.ideas-events.com/itemimages/2145.jpg;https://www.ideas-events.com/itemimages/2145-1.jpg;https://www.ideas-events.com/itemimages/2145-2.jpg
https://www.ideas-events.com/itemimages/1373.jpg;;
https://www.ideas-events.com/itemimages/3283.jpg;;
https://www.ideas-events.com/itemimages/1406.jpg;https://www.ideas-events.com/itemimages/1406-1.jpg;https://www.ideas-events.com/itemimages/1406-2.jpg
https://www.ideas-events.com/itemimages/1407.jpg;;
https://www.ideas-events.com/itemimages/1854.jpg;;
https://www.ideas-events.com/itemimages/2146.jpg;;
https://www.ideas-events.com/itemimages/2327.jpg;;
https://www.ideas-events.com/itemimages/2328.jpg;;
https://www.ideas-events.com/itemimages/1376.jpg;;
https://www.ideas-events.com/itemimages/1408.jpg;;
https://www.ideas-events.com/itemimages/1909.jpg;;
https://www.ideas-events.com/itemimages/3282.jpg;;
https://www.ideas-events.com/itemimages/1371.jpg;;
https://www.ideas-events.com/itemimages/1377.jpg;;
https://www.ideas-events.com/itemimages/1853.jpg;;
https://www.ideas-events.com/itemimages/1409.jpg;;
https://www.ideas-events.com/itemimages/1669.jpg;https://www.ideas-events.com/itemimages/1669-1.jpg;https://www.ideas-events.com/itemimages/1669-2.jpg
https://www.ideas-events.com/itemimages/2500.jpg;;
https://www.ideas-events.com/itemimages/2907.jpg;;
https://www.ideas-events.com/itemimages/2920.jpg;;
https://www.ideas-events.com/itemimages/3179.jpg;;
https://www.ideas-events.com/itemimages/1647.jpg;https://www.ideas-events.com/itemimages/1647-1.jpg;
https://www.ideas-events.com/itemimages/1646.jpg;https://www.ideas-events.com/itemimages/1646-1.jpg;https://www.ideas-events.com/itemimages/1646-2.jpg
https://www.ideas-events.com/itemimages/1649.jpg;;
https://www.ideas-events.com/itemimages/1644.jpg;;
https://www.ideas-events.com/itemimages/1651.jpg;;
;;
https://www.ideas-events.com/itemimages/1991.jpg;;
https://www.ideas-events.com/itemimages/3285.jpg;;
https://www.ideas-events.com/itemimages/3032.jpg;;
https://www.ideas-events.com/itemimages/3031.jpg;;
https://www.ideas-events.com/itemimages/3027.jpg;;
https://www.ideas-events.com/itemimages/1596.jpg;;
https://www.ideas-events.com/itemimages/1591.jpg;;
https://www.ideas-events.com/itemimages/1588.jpg;;
https://www.ideas-events.com/itemimages/1637.jpg;;
;;
https://www.ideas-events.com/itemimages/1595.jpg;;
;;
https://www.ideas-events.com/itemimages/3438.jpg;;
https://www.ideas-events.com/itemimages/3439.jpg;;
https://www.ideas-events.com/itemimages/1273.jpg;;
https://www.ideas-events.com/itemimages/3316.jpg;;
https://www.ideas-events.com/itemimages/2849.jpg;;
https://www.ideas-events.com/itemimages/2856.jpg;;
https://www.ideas-events.com/itemimages/2848.jpg;;
https://www.ideas-events.com/itemimages/2855.jpg;;
https://www.ideas-events.com/itemimages/2892.jpg;;
https://www.ideas-events.com/itemimages/2889.jpg;;
https://www.ideas-events.com/itemimages/2854.jpg;;
https://www.ideas-events.com/itemimages/2415.jpg;https://www.ideas-events.com/itemimages/2415-1.jpg;
https://www.ideas-events.com/itemimages/2846.jpg;;
https://www.ideas-events.com/itemimages/2847.jpg;;
https://www.ideas-events.com/itemimages/2859.jpg;;
https://www.ideas-events.com/itemimages/3245.jpg;;
https://www.ideas-events.com/itemimages/2851.jpg;;
https://www.ideas-events.com/itemimages/2579.jpg;;
https://www.ideas-events.com/itemimages/2841.jpg;;
https://www.ideas-events.com/itemimages/2857.jpg;;
https://www.ideas-events.com/itemimages/2858.jpg;;
https://www.ideas-events.com/itemimages/2853.jpg;;
https://www.ideas-events.com/itemimages/2852.jpg;;
https://www.ideas-events.com/itemimages/2860.jpg;;
https://www.ideas-events.com/itemimages/2538.jpg;;
https://www.ideas-events.com/itemimages/2539.jpg;;
https://www.ideas-events.com/itemimages/2844.jpg;;
https://www.ideas-events.com/itemimages/2845.jpg;;
https://www.ideas-events.com/itemimages/3170.jpg;;
https://www.ideas-events.com/itemimages/2901.jpg;https://www.ideas-events.com/itemimages/2901-1.jpg;
https://www.ideas-events.com/itemimages/2902.jpg;https://www.ideas-events.com/itemimages/2902-1.jpg;
https://www.ideas-events.com/itemimages/3343.jpg;https://www.ideas-events.com/itemimages/3343-1.jpg;
https://www.ideas-events.com/itemimages/2376.jpg;;
https://www.ideas-events.com/itemimages/1554.jpg;;
https://www.ideas-events.com/itemimages/2977.jpg;https://www.ideas-events.com/itemimages/2977-1.jpg;
;;
https://www.ideas-events.com/itemimages/2028.jpg;;
https://www.ideas-events.com/itemimages/1071.jpg;;
;;
https://www.ideas-events.com/itemimages/1065.jpg;https://www.ideas-events.com/itemimages/1065-1.jpg;
https://www.ideas-events.com/itemimages/1075.jpg;;
https://www.ideas-events.com/itemimages/1378.jpg;https://www.ideas-events.com/itemimages/1378-1.jpg;https://www.ideas-events.com/itemimages/1378-2.jpg
https://www.ideas-events.com/itemimages/1379.jpg;;
https://www.ideas-events.com/itemimages/3063.jpg;https://www.ideas-events.com/itemimages/3063-1.jpg;
https://www.ideas-events.com/itemimages/3096.jpg;;
https://www.ideas-events.com/itemimages/2954.jpg;;
https://www.ideas-events.com/itemimages/2309.jpg;;
https://www.ideas-events.com/itemimages/2310.jpg;;
https://www.ideas-events.com/itemimages/2311.jpg;;
https://www.ideas-events.com/itemimages/3124.jpg;;
https://www.ideas-events.com/itemimages/3399.jpg;https://www.ideas-events.com/itemimages/3399-1.jpg;https://www.ideas-events.com/itemimages/3399-2.jpg
https://www.ideas-events.com/itemimages/3398.jpg;;
https://www.ideas-events.com/itemimages/3397.jpg;;
https://www.ideas-events.com/itemimages/3409.jpg;;
https://www.ideas-events.com/itemimages/3410.jpg;;
https://www.ideas-events.com/itemimages/3411.jpg;;
https://www.ideas-events.com/itemimages/2296.jpg;;
https://www.ideas-events.com/itemimages/2921.jpg;;
https://www.ideas-events.com/itemimages/2733.jpg;https://www.ideas-events.com/itemimages/2733-1.jpg;
https://www.ideas-events.com/itemimages/2734.jpg;https://www.ideas-events.com/itemimages/2734-1.jpg;
https://www.ideas-events.com/itemimages/2969.jpg;;
https://www.ideas-events.com/itemimages/2968.jpg;;
https://www.ideas-events.com/itemimages/2967.jpg;;
https://www.ideas-events.com/itemimages/2686.jpg;https://www.ideas-events.com/itemimages/2686-1.jpg;
https://www.ideas-events.com/itemimages/2687.jpg;https://www.ideas-events.com/itemimages/2687-1.jpg;
https://www.ideas-events.com/itemimages/2684.jpg;https://www.ideas-events.com/itemimages/2684-1.jpg;
https://www.ideas-events.com/itemimages/2685.jpg;https://www.ideas-events.com/itemimages/2685-1.jpg;
https://www.ideas-events.com/itemimages/2551.jpg;;
https://www.ideas-events.com/itemimages/1702.jpg;https://www.ideas-events.com/itemimages/1702-1.jpg;
https://www.ideas-events.com/itemimages/1701.jpg;https://www.ideas-events.com/itemimages/1701-1.jpg;
https://www.ideas-events.com/itemimages/1721.jpg;https://www.ideas-events.com/itemimages/1721-1.jpg;
https://www.ideas-events.com/itemimages/1703.jpg;;
https://www.ideas-events.com/itemimages/2108.jpg;;
https://www.ideas-events.com/itemimages/2109.jpg;;
https://www.ideas-events.com/itemimages/2110.jpg;;
https://www.ideas-events.com/itemimages/1747.jpg;;
https://www.ideas-events.com/itemimages/2074.jpg;;
https://www.ideas-events.com/itemimages/2075.jpg;;
https://www.ideas-events.com/itemimages/1746.jpg;;
https://www.ideas-events.com/itemimages/2076.jpg;;
https://www.ideas-events.com/itemimages/2078.jpg;;
https://www.ideas-events.com/itemimages/1874.jpg;;
https://www.ideas-events.com/itemimages/2556.jpg;https://www.ideas-events.com/itemimages/2556-1.jpg;
https://www.ideas-events.com/itemimages/2557.jpg;https://www.ideas-events.com/itemimages/2557-1.jpg;
https://www.ideas-events.com/itemimages/2558.jpg;https://www.ideas-events.com/itemimages/2558-1.jpg;
https://www.ideas-events.com/itemimages/3371.jpg;;
https://www.ideas-events.com/itemimages/1757.jpg;https://www.ideas-events.com/itemimages/1757-1.jpg;https://www.ideas-events.com/itemimages/1757-2.jpg
https://www.ideas-events.com/itemimages/2135.jpg;;
https://www.ideas-events.com/itemimages/1704.jpg;;
https://www.ideas-events.com/itemimages/2763.jpg;;
https://www.ideas-events.com/itemimages/2840.jpg;;
https://www.ideas-events.com/itemimages/3044.jpg;;
https://www.ideas-events.com/itemimages/2454.jpg;;
https://www.ideas-events.com/itemimages/2799.jpg;;
https://www.ideas-events.com/itemimages/2800.jpg;;
https://www.ideas-events.com/itemimages/2801.jpg;;
https://www.ideas-events.com/itemimages/2711.jpg;;
https://www.ideas-events.com/itemimages/1656.jpg;;
https://www.ideas-events.com/itemimages/3102.jpg;;
https://www.ideas-events.com/itemimages/1657.jpg;https://www.ideas-events.com/itemimages/1657-1.jpg;
https://www.ideas-events.com/itemimages/1655.jpg;https://www.ideas-events.com/itemimages/1655-1.jpg;
https://www.ideas-events.com/itemimages/3043.jpg;;
https://www.ideas-events.com/itemimages/3144.jpg;;
https://www.ideas-events.com/itemimages/2570.jpg;https://www.ideas-events.com/itemimages/2570-1.jpg;
https://www.ideas-events.com/itemimages/2567.jpg;https://www.ideas-events.com/itemimages/2567-1.jpg;
https://www.ideas-events.com/itemimages/2569.jpg;https://www.ideas-events.com/itemimages/2569-1.jpg;
https://www.ideas-events.com/itemimages/1723.jpg;;
https://www.ideas-events.com/itemimages/1720.jpg;;
https://www.ideas-events.com/itemimages/2526.jpg;;
https://www.ideas-events.com/itemimages/2527.jpg;;
https://www.ideas-events.com/itemimages/2836.jpg;;
https://www.ideas-events.com/itemimages/2867.jpg;;
https://www.ideas-events.com/itemimages/3492.jpg;https://www.ideas-events.com/itemimages/3492-1.jpg;
https://www.ideas-events.com/itemimages/1466.jpg;;
https://www.ideas-events.com/itemimages/2830.jpg;;
https://www.ideas-events.com/itemimages/1470.jpg;;
https://www.ideas-events.com/itemimages/2764.jpg;;
https://www.ideas-events.com/itemimages/1364.jpg;;
;;
https://www.ideas-events.com/itemimages/2766.jpg;;
https://www.ideas-events.com/itemimages/1365.jpg;;
https://www.ideas-events.com/itemimages/2897.jpg;;
https://www.ideas-events.com/itemimages/2898.jpg;;
https://www.ideas-events.com/itemimages/1945.jpg;https://www.ideas-events.com/itemimages/1945-1.jpg;
https://www.ideas-events.com/itemimages/1946.jpg;https://www.ideas-events.com/itemimages/1946-1.jpg;
https://www.ideas-events.com/itemimages/1947.jpg;https://www.ideas-events.com/itemimages/1947-1.jpg;https://www.ideas-events.com/itemimages/1947-2.jpg
https://www.ideas-events.com/itemimages/2157.jpg;;
https://www.ideas-events.com/itemimages/1362.jpg;;
https://www.ideas-events.com/itemimages/3368.jpg;;
https://www.ideas-events.com/itemimages/3378.jpg;;
https://www.ideas-events.com/itemimages/3431.jpg;;
https://www.ideas-events.com/itemimages/3468.jpg;;
https://www.ideas-events.com/itemimages/3469.jpg;;
https://www.ideas-events.com/itemimages/1978.jpg;https://www.ideas-events.com/itemimages/1978-1.jpg;
https://www.ideas-events.com/itemimages/1992.jpg;https://www.ideas-events.com/itemimages/1992-1.jpg;
https://www.ideas-events.com/itemimages/1990.jpg;https://www.ideas-events.com/itemimages/1990-1.jpg;
https://www.ideas-events.com/itemimages/1998.jpg;https://www.ideas-events.com/itemimages/1998-1.jpg;
https://www.ideas-events.com/itemimages/1999.jpg;https://www.ideas-events.com/itemimages/1999-1.jpg;
https://www.ideas-events.com/itemimages/2000.jpg;https://www.ideas-events.com/itemimages/2000-1.jpg;
https://www.ideas-events.com/itemimages/2001.jpg;;
https://www.ideas-events.com/itemimages/1995.jpg;;
https://www.ideas-events.com/itemimages/3171.jpg;;
https://www.ideas-events.com/itemimages/1976.jpg;;
https://www.ideas-events.com/itemimages/3422.jpg;;
https://www.ideas-events.com/itemimages/3423.jpg;;
https://www.ideas-events.com/itemimages/3257.jpg;https://www.ideas-events.com/itemimages/3257-1.jpg;
https://www.ideas-events.com/itemimages/3284.jpg;;
https://www.ideas-events.com/itemimages/2496.jpg;;
https://www.ideas-events.com/itemimages/2498.jpg;;
https://www.ideas-events.com/itemimages/2495.jpg;;
https://www.ideas-events.com/itemimages/2721.jpg;;
https://www.ideas-events.com/itemimages/2722.jpg;;
https://www.ideas-events.com/itemimages/2723.jpg;;
https://www.ideas-events.com/itemimages/1129.jpg;https://www.ideas-events.com/itemimages/1129-1.jpg;https://www.ideas-events.com/itemimages/1129-2.jpg
https://www.ideas-events.com/itemimages/1005.jpg;https://www.ideas-events.com/itemimages/1005-1.jpg;https://www.ideas-events.com/itemimages/1005-2.jpg
https://www.ideas-events.com/itemimages/1018.jpg;;
https://www.ideas-events.com/itemimages/1019.jpg;https://www.ideas-events.com/itemimages/1019-1.jpg;https://www.ideas-events.com/itemimages/1019-2.jpg
https://www.ideas-events.com/itemimages/1020.jpg;https://www.ideas-events.com/itemimages/1020-1.jpg;https://www.ideas-events.com/itemimages/1020-2.jpg
;;
https://www.ideas-events.com/itemimages/3048.jpg;https://www.ideas-events.com/itemimages/3048-1.jpg;
https://www.ideas-events.com/itemimages/3403.jpg;https://www.ideas-events.com/itemimages/3403-1.jpg;
https://www.ideas-events.com/itemimages/2970.jpg;;
https://www.ideas-events.com/itemimages/1017.jpg;https://www.ideas-events.com/itemimages/1017-1.jpg;https://www.ideas-events.com/itemimages/1017-2.jpg
https://www.ideas-events.com/itemimages/1004.jpg;https://www.ideas-events.com/itemimages/1004-1.jpg;https://www.ideas-events.com/itemimages/1004-2.jpg
https://www.ideas-events.com/itemimages/1199.jpg;https://www.ideas-events.com/itemimages/1199-1.jpg;https://www.ideas-events.com/itemimages/1199-2.jpg
https://www.ideas-events.com/itemimages/1008.jpg;https://www.ideas-events.com/itemimages/1008-1.jpg;https://www.ideas-events.com/itemimages/1008-2.jpg
https://www.ideas-events.com/itemimages/1022.jpg;https://www.ideas-events.com/itemimages/1022-1.jpg;https://www.ideas-events.com/itemimages/1022-2.jpg
https://www.ideas-events.com/itemimages/3393.jpg;https://www.ideas-events.com/itemimages/3393-1.jpg;https://www.ideas-events.com/itemimages/3393-2.jpg
https://www.ideas-events.com/itemimages/2974.jpg;;
https://www.ideas-events.com/itemimages/1029.jpg;https://www.ideas-events.com/itemimages/1029-1.jpg;
https://www.ideas-events.com/itemimages/1975.jpg;;
https://www.ideas-events.com/itemimages/1974.jpg;https://www.ideas-events.com/itemimages/1974-1.jpg;
https://www.ideas-events.com/itemimages/1973.jpg;https://www.ideas-events.com/itemimages/1973-1.jpg;
https://www.ideas-events.com/itemimages/2811.jpg;;
https://www.ideas-events.com/itemimages/2596.jpg;;
https://www.ideas-events.com/itemimages/2597.jpg;;
https://www.ideas-events.com/itemimages/2314.jpg;;
https://www.ideas-events.com/itemimages/2649.jpg;;
https://www.ideas-events.com/itemimages/2651.jpg;;
https://www.ideas-events.com/itemimages/2648.jpg;;
https://www.ideas-events.com/itemimages/2654.jpg;;
https://www.ideas-events.com/itemimages/2598.jpg;;
;;
https://www.ideas-events.com/itemimages/2795.jpg;;
https://www.ideas-events.com/itemimages/2599.jpg;;
https://www.ideas-events.com/itemimages/2600.jpg;;
https://www.ideas-events.com/itemimages/2657.jpg;;
https://www.ideas-events.com/itemimages/2601.jpg;;
https://www.ideas-events.com/itemimages/2603.jpg;;
https://www.ideas-events.com/itemimages/2656.jpg;;
https://www.ideas-events.com/itemimages/2655.jpg;;
https://www.ideas-events.com/itemimages/2605.jpg;;
https://www.ideas-events.com/itemimages/2923.jpg;;
;;
https://www.ideas-events.com/itemimages/3030.jpg;;
https://www.ideas-events.com/itemimages/2650.jpg;;
https://www.ideas-events.com/itemimages/2647.jpg;;
https://www.ideas-events.com/itemimages/3223.jpg;;
https://www.ideas-events.com/itemimages/3224.jpg;;
https://www.ideas-events.com/itemimages/3225.jpg;;
https://www.ideas-events.com/itemimages/3028.jpg;;
https://www.ideas-events.com/itemimages/3229.jpg;;
https://www.ideas-events.com/itemimages/3227.jpg;;
https://www.ideas-events.com/itemimages/3228.jpg;;
https://www.ideas-events.com/itemimages/2313.jpg;;
;;
https://www.ideas-events.com/itemimages/2586.jpg;;
;;
;;
;;
https://www.ideas-events.com/itemimages/2595.jpg;;
;;
https://www.ideas-events.com/itemimages/2922.jpg;;
https://www.ideas-events.com/itemimages/3029.jpg;;
https://www.ideas-events.com/itemimages/3295.jpg;;
https://www.ideas-events.com/itemimages/3296.jpg;;
https://www.ideas-events.com/itemimages/3305.jpg;;
https://www.ideas-events.com/itemimages/3309.jpg;;
https://www.ideas-events.com/itemimages/3315.jpg;;
https://www.ideas-events.com/itemimages/3312.jpg;;
https://www.ideas-events.com/itemimages/3301.jpg;;
https://www.ideas-events.com/itemimages/3310.jpg;;
https://www.ideas-events.com/itemimages/3307.jpg;;
https://www.ideas-events.com/itemimages/3297.jpg;;
https://www.ideas-events.com/itemimages/3302.jpg;;
https://www.ideas-events.com/itemimages/3300.jpg;;
https://www.ideas-events.com/itemimages/3303.jpg;;
https://www.ideas-events.com/itemimages/3314.jpg;;
https://www.ideas-events.com/itemimages/3313.jpg;;
https://www.ideas-events.com/itemimages/1796.jpg;https://www.ideas-events.com/itemimages/1796-1.jpg;
https://www.ideas-events.com/itemimages/1781.jpg;https://www.ideas-events.com/itemimages/1781-1.jpg;
https://www.ideas-events.com/itemimages/1787.jpg;https://www.ideas-events.com/itemimages/1787-1.jpg;
https://www.ideas-events.com/itemimages/1791.jpg;https://www.ideas-events.com/itemimages/1791-1.jpg;
https://www.ideas-events.com/itemimages/1793.jpg;https://www.ideas-events.com/itemimages/1793-1.jpg;
https://www.ideas-events.com/itemimages/1811.jpg;https://www.ideas-events.com/itemimages/1811-1.jpg;
https://www.ideas-events.com/itemimages/1816.jpg;https://www.ideas-events.com/itemimages/1816-1.jpg;
https://www.ideas-events.com/itemimages/1812.jpg;https://www.ideas-events.com/itemimages/1812-1.jpg;
https://www.ideas-events.com/itemimages/1810.jpg;https://www.ideas-events.com/itemimages/1810-1.jpg;
https://www.ideas-events.com/itemimages/1803.jpg;https://www.ideas-events.com/itemimages/1803-1.jpg;
https://www.ideas-events.com/itemimages/1807.jpg;https://www.ideas-events.com/itemimages/1807-1.jpg;
https://www.ideas-events.com/itemimages/1806.jpg;https://www.ideas-events.com/itemimages/1806-1.jpg;
https://www.ideas-events.com/itemimages/1777.jpg;https://www.ideas-events.com/itemimages/1777-1.jpg;
https://www.ideas-events.com/itemimages/1798.jpg;https://www.ideas-events.com/itemimages/1798-1.jpg;
https://www.ideas-events.com/itemimages/1779.jpg;https://www.ideas-events.com/itemimages/1779-1.jpg;
;;
https://www.ideas-events.com/itemimages/1797.jpg;https://www.ideas-events.com/itemimages/1797-1.jpg;
https://www.ideas-events.com/itemimages/1786.jpg;https://www.ideas-events.com/itemimages/1786-1.jpg;
https://www.ideas-events.com/itemimages/1794.jpg;https://www.ideas-events.com/itemimages/1794-1.jpg;
;;
https://www.ideas-events.com/itemimages/1799.jpg;https://www.ideas-events.com/itemimages/1799-1.jpg;
https://www.ideas-events.com/itemimages/1815.jpg;https://www.ideas-events.com/itemimages/1815-1.jpg;
https://www.ideas-events.com/itemimages/1818.jpg;https://www.ideas-events.com/itemimages/1818-1.jpg;
https://www.ideas-events.com/itemimages/1870.jpg;https://www.ideas-events.com/itemimages/1870-1.jpg;
https://www.ideas-events.com/itemimages/1790.jpg;https://www.ideas-events.com/itemimages/1790-1.jpg;
https://www.ideas-events.com/itemimages/2306.jpg;;
https://www.ideas-events.com/itemimages/2316.jpg;;
https://www.ideas-events.com/itemimages/2318.jpg;;
https://www.ideas-events.com/itemimages/2317.jpg;;
https://www.ideas-events.com/itemimages/1598.jpg;https://www.ideas-events.com/itemimages/1598-1.jpg;
https://www.ideas-events.com/itemimages/2307.jpg;;
https://www.ideas-events.com/itemimages/2308.jpg;;
https://www.ideas-events.com/itemimages/2304.jpg;;
https://www.ideas-events.com/itemimages/1862.jpg;;
https://www.ideas-events.com/itemimages/2514.jpg;;
https://www.ideas-events.com/itemimages/2167.jpg;https://www.ideas-events.com/itemimages/2167-1.jpg;
https://www.ideas-events.com/itemimages/2168.jpg;https://www.ideas-events.com/itemimages/2168-1.jpg;
;;
https://www.ideas-events.com/itemimages/3271.jpg;;
https://www.ideas-events.com/itemimages/2866.jpg;;
https://www.ideas-events.com/itemimages/3258.jpg;https://www.ideas-events.com/itemimages/3258-1.jpg;https://www.ideas-events.com/itemimages/3258-2.jpg
https://www.ideas-events.com/itemimages/2868.jpg;;
https://www.ideas-events.com/itemimages/2870.jpg;;
https://www.ideas-events.com/itemimages/2812.jpg;;
https://www.ideas-events.com/itemimages/2813.jpg;;
https://www.ideas-events.com/itemimages/2814.jpg;;
https://www.ideas-events.com/itemimages/3421.jpg;;
;;
https://www.ideas-events.com/itemimages/3291.jpg;;
https://www.ideas-events.com/itemimages/3292.jpg;;
https://www.ideas-events.com/itemimages/3293.jpg;;
;;
https://www.ideas-events.com/itemimages/3290.jpg;;
https://www.ideas-events.com/itemimages/3261.jpg;;
https://www.ideas-events.com/itemimages/3260.jpg;;
https://www.ideas-events.com/itemimages/3157.jpg;https://www.ideas-events.com/itemimages/3157-1.jpg;
https://www.ideas-events.com/itemimages/3437.jpg;;
https://www.ideas-events.com/itemimages/3408.jpg;;
https://www.ideas-events.com/itemimages/2400.jpg;;
https://www.ideas-events.com/itemimages/1629.jpg;;
https://www.ideas-events.com/itemimages/2382.jpg;;
https://www.ideas-events.com/itemimages/2402.jpg;;
https://www.ideas-events.com/itemimages/2302.jpg;;
https://www.ideas-events.com/itemimages/2449.jpg;;
https://www.ideas-events.com/itemimages/2401.jpg;;
https://www.ideas-events.com/itemimages/2303.jpg;;
https://www.ideas-events.com/itemimages/2409.jpg;;
https://www.ideas-events.com/itemimages/2389.jpg;;
https://www.ideas-events.com/itemimages/3250.jpg;;
https://www.ideas-events.com/itemimages/3251.jpg;;
https://www.ideas-events.com/itemimages/2678.jpg;;
https://www.ideas-events.com/itemimages/2679.jpg;;
https://www.ideas-events.com/itemimages/2681.jpg;;
https://www.ideas-events.com/itemimages/2682.jpg;;
https://www.ideas-events.com/itemimages/2782.jpg;;
https://www.ideas-events.com/itemimages/2680.jpg;;
https://www.ideas-events.com/itemimages/3114.jpg;https://www.ideas-events.com/itemimages/3114-1.jpg;
https://www.ideas-events.com/itemimages/3115.jpg;https://www.ideas-events.com/itemimages/3115-1.jpg;https://www.ideas-events.com/itemimages/3115-2.jpg
https://www.ideas-events.com/itemimages/3116.jpg;https://www.ideas-events.com/itemimages/3116-1.jpg;https://www.ideas-events.com/itemimages/3116-2.jpg
https://www.ideas-events.com/itemimages/2677.jpg;;
https://www.ideas-events.com/itemimages/2885.jpg;;
https://www.ideas-events.com/itemimages/2881.jpg;;
https://www.ideas-events.com/itemimages/2882.jpg;;
https://www.ideas-events.com/itemimages/2638.jpg;;
;;
https://www.ideas-events.com/itemimages/2634.jpg;;
https://www.ideas-events.com/itemimages/2635.jpg;;
https://www.ideas-events.com/itemimages/2637.jpg;;
https://www.ideas-events.com/itemimages/2636.jpg;;
https://www.ideas-events.com/itemimages/2633.jpg;;
https://www.ideas-events.com/itemimages/2488.jpg;;
https://www.ideas-events.com/itemimages/1894.jpg;;
https://www.ideas-events.com/itemimages/1893.jpg;;
https://www.ideas-events.com/itemimages/2490.jpg;https://www.ideas-events.com/itemimages/2490-1.jpg;https://www.ideas-events.com/itemimages/2490-2.jpg
https://www.ideas-events.com/itemimages/1750.jpg;;
https://www.ideas-events.com/itemimages/1748.jpg;;
https://www.ideas-events.com/itemimages/1752.jpg;;
;;
https://www.ideas-events.com/itemimages/2482.jpg;https://www.ideas-events.com/itemimages/2482-1.jpg;
https://www.ideas-events.com/itemimages/2483.jpg;;
https://www.ideas-events.com/itemimages/2669.jpg;https://www.ideas-events.com/itemimages/2669-1.jpg;
https://www.ideas-events.com/itemimages/2668.jpg;;
https://www.ideas-events.com/itemimages/2864.jpg;;
https://www.ideas-events.com/itemimages/2828.jpg;;
https://www.ideas-events.com/itemimages/2865.jpg;;
https://www.ideas-events.com/itemimages/1688.jpg;https://www.ideas-events.com/itemimages/1688-1.jpg;
https://www.ideas-events.com/itemimages/1689.jpg;https://www.ideas-events.com/itemimages/1689-1.jpg;
https://www.ideas-events.com/itemimages/1430.jpg;;
https://www.ideas-events.com/itemimages/1957.jpg;;
;;
https://www.ideas-events.com/itemimages/1956.jpg;;
https://www.ideas-events.com/itemimages/1265.jpg;;
https://www.ideas-events.com/itemimages/1435.jpg;;
https://www.ideas-events.com/itemimages/1443.jpg;;
https://www.ideas-events.com/itemimages/1289.jpg;;
https://www.ideas-events.com/itemimages/1291.jpg;;
https://www.ideas-events.com/itemimages/1292.jpg;;
https://www.ideas-events.com/itemimages/1293.jpg;;
https://www.ideas-events.com/itemimages/1295.jpg;;
https://www.ideas-events.com/itemimages/3450.jpg;;
https://www.ideas-events.com/itemimages/1969.jpg;https://www.ideas-events.com/itemimages/1969-1.jpg;https://www.ideas-events.com/itemimages/1969-2.jpg
https://www.ideas-events.com/itemimages/1970.jpg;https://www.ideas-events.com/itemimages/1970-1.jpg;https://www.ideas-events.com/itemimages/1970-2.jpg
https://www.ideas-events.com/itemimages/2773.jpg;;
https://www.ideas-events.com/itemimages/1900.jpg;;
https://www.ideas-events.com/itemimages/1446.jpg;;
https://www.ideas-events.com/itemimages/2702.jpg;;
https://www.ideas-events.com/itemimages/1276.jpg;;
https://www.ideas-events.com/itemimages/3319.jpg;;
https://www.ideas-events.com/itemimages/3183.jpg;;
https://www.ideas-events.com/itemimages/3184.jpg;;
https://www.ideas-events.com/itemimages/3185.jpg;;
https://www.ideas-events.com/itemimages/3318.jpg;;
;;
https://www.ideas-events.com/itemimages/3219.jpg;;
https://www.ideas-events.com/itemimages/3395.jpg;https://www.ideas-events.com/itemimages/3395-1.jpg;https://www.ideas-events.com/itemimages/3395-2.jpg
https://www.ideas-events.com/itemimages/3402.jpg;https://www.ideas-events.com/itemimages/3402-1.jpg;
https://www.ideas-events.com/itemimages/3430.jpg;;
https://www.ideas-events.com/itemimages/1026.jpg;https://www.ideas-events.com/itemimages/1026-1.jpg;https://www.ideas-events.com/itemimages/1026-2.jpg
;;
https://www.ideas-events.com/itemimages/2546.jpg;;
;;
https://www.ideas-events.com/itemimages/2548.jpg;;
https://www.ideas-events.com/itemimages/2549.jpg;;
https://www.ideas-events.com/itemimages/2550.jpg;;
https://www.ideas-events.com/itemimages/1028.jpg;https://www.ideas-events.com/itemimages/1028-1.jpg;
https://www.ideas-events.com/itemimages/1255.jpg;https://www.ideas-events.com/itemimages/1255-1.jpg;
https://www.ideas-events.com/itemimages/3466.jpg;https://www.ideas-events.com/itemimages/3466-1.jpg;
https://www.ideas-events.com/itemimages/1256.jpg;https://www.ideas-events.com/itemimages/1256-1.jpg;https://www.ideas-events.com/itemimages/1256-2.jpg
https://www.ideas-events.com/itemimages/1032.jpg;https://www.ideas-events.com/itemimages/1032-1.jpg;
https://www.ideas-events.com/itemimages/1031.jpg;https://www.ideas-events.com/itemimages/1031-1.jpg;https://www.ideas-events.com/itemimages/1031-2.jpg
https://www.ideas-events.com/itemimages/1347.jpg;;
https://www.ideas-events.com/itemimages/1675.jpg;https://www.ideas-events.com/itemimages/1675-1.jpg;
https://www.ideas-events.com/itemimages/1672.jpg;https://www.ideas-events.com/itemimages/1672-1.jpg;
https://www.ideas-events.com/itemimages/1673.jpg;https://www.ideas-events.com/itemimages/1673-1.jpg;
https://www.ideas-events.com/itemimages/1676.jpg;https://www.ideas-events.com/itemimages/1676-1.jpg;
https://www.ideas-events.com/itemimages/1670.jpg;https://www.ideas-events.com/itemimages/1670-1.jpg;
https://www.ideas-events.com/itemimages/1678.jpg;https://www.ideas-events.com/itemimages/1678-1.jpg;
https://www.ideas-events.com/itemimages/1677.jpg;https://www.ideas-events.com/itemimages/1677-1.jpg;
https://www.ideas-events.com/itemimages/2933.jpg;https://www.ideas-events.com/itemimages/2933-1.jpg;
https://www.ideas-events.com/itemimages/3434.jpg;;
;;
https://www.ideas-events.com/itemimages/2893.jpg;;
https://www.ideas-events.com/itemimages/3025.jpg;;
;;
https://www.ideas-events.com/itemimages/3489.jpg;https://www.ideas-events.com/itemimages/3489-1.jpg;
https://www.ideas-events.com/itemimages/3026.jpg;;
https://www.ideas-events.com/itemimages/2034.jpg;;
https://www.ideas-events.com/itemimages/2041.jpg;;
https://www.ideas-events.com/itemimages/2894.jpg;;
https://www.ideas-events.com/itemimages/2621.jpg;;
https://www.ideas-events.com/itemimages/2783.jpg;;
https://www.ideas-events.com/itemimages/2895.jpg;;
https://www.ideas-events.com/itemimages/2765.jpg;;
https://www.ideas-events.com/itemimages/2944.jpg;;
;;
;;
;;
https://www.ideas-events.com/itemimages/3391.jpg;;
https://www.ideas-events.com/itemimages/3344.jpg;https://www.ideas-events.com/itemimages/3344-1.jpg;https://www.ideas-events.com/itemimages/3344-2.jpg
https://www.ideas-events.com/itemimages/3389.jpg;;
https://www.ideas-events.com/itemimages/3337.jpg;;
https://www.ideas-events.com/itemimages/3345.jpg;https://www.ideas-events.com/itemimages/3345-1.jpg;https://www.ideas-events.com/itemimages/3345-2.jpg
https://www.ideas-events.com/itemimages/3140.jpg;https://www.ideas-events.com/itemimages/3140-1.jpg;https://www.ideas-events.com/itemimages/3140-2.jpg
https://www.ideas-events.com/itemimages/2371.jpg;;
https://www.ideas-events.com/itemimages/2372.jpg;;
https://www.ideas-events.com/itemimages/1960.jpg;https://www.ideas-events.com/itemimages/1960-1.jpg;
;;
https://www.ideas-events.com/itemimages/1440.jpg;;
https://www.ideas-events.com/itemimages/3234.jpg;;
https://www.ideas-events.com/itemimages/3235.jpg;;
https://www.ideas-events.com/itemimages/2396.jpg;;
https://www.ideas-events.com/itemimages/2397.jpg;;
https://www.ideas-events.com/itemimages/3142.jpg;https://www.ideas-events.com/itemimages/3142-1.jpg;
https://www.ideas-events.com/itemimages/2784.jpg;;
https://www.ideas-events.com/itemimages/3231.jpg;;
https://www.ideas-events.com/itemimages/2992.jpg;https://www.ideas-events.com/itemimages/2992-1.jpg;
https://www.ideas-events.com/itemimages/3041.jpg;;
https://www.ideas-events.com/itemimages/3237.jpg;;
https://www.ideas-events.com/itemimages/2987.jpg;;
https://www.ideas-events.com/itemimages/3432.jpg;;
https://www.ideas-events.com/itemimages/1959.jpg;https://www.ideas-events.com/itemimages/1959-1.jpg;https://www.ideas-events.com/itemimages/1959-2.jpg
https://www.ideas-events.com/itemimages/3131.jpg;;
https://www.ideas-events.com/itemimages/2070.jpg;;
https://www.ideas-events.com/itemimages/2352.jpg;;
https://www.ideas-events.com/itemimages/2353.jpg;;
https://www.ideas-events.com/itemimages/2988.jpg;;
https://www.ideas-events.com/itemimages/3139.jpg;https://www.ideas-events.com/itemimages/3139-1.jpg;https://www.ideas-events.com/itemimages/3139-2.jpg
https://www.ideas-events.com/itemimages/3141.jpg;;
https://www.ideas-events.com/itemimages/2024.jpg;;
https://www.ideas-events.com/itemimages/1650.jpg;;
https://www.ideas-events.com/itemimages/2342.jpg;;
https://www.ideas-events.com/itemimages/2319.jpg;;
https://www.ideas-events.com/itemimages/3074.jpg;;
https://www.ideas-events.com/itemimages/3199.jpg;https://www.ideas-events.com/itemimages/3199-1.jpg;
https://www.ideas-events.com/itemimages/3055.jpg;;
https://www.ideas-events.com/itemimages/2350.jpg;;
https://www.ideas-events.com/itemimages/3396.jpg;https://www.ideas-events.com/itemimages/3396-1.jpg;https://www.ideas-events.com/itemimages/3396-2.jpg
https://www.ideas-events.com/itemimages/3372.jpg;https://www.ideas-events.com/itemimages/3372-1.jpg;
https://www.ideas-events.com/itemimages/3060.jpg;;
https://www.ideas-events.com/itemimages/3061.jpg;;
https://www.ideas-events.com/itemimages/3052.jpg;;
https://www.ideas-events.com/itemimages/3053.jpg;;
https://www.ideas-events.com/itemimages/2428.jpg;;
https://www.ideas-events.com/itemimages/3172.jpg;;
https://www.ideas-events.com/itemimages/3050.jpg;;
https://www.ideas-events.com/itemimages/2037.jpg;;
https://www.ideas-events.com/itemimages/2361.jpg;;
https://www.ideas-events.com/itemimages/3220.jpg;https://www.ideas-events.com/itemimages/3220-1.jpg;
https://www.ideas-events.com/itemimages/3062.jpg;;
https://www.ideas-events.com/itemimages/1487.jpg;;
https://www.ideas-events.com/itemimages/3020.jpg;;
https://www.ideas-events.com/itemimages/3051.jpg;;
https://www.ideas-events.com/itemimages/1488.jpg;;
https://www.ideas-events.com/itemimages/1556.jpg;;
https://www.ideas-events.com/itemimages/1972.jpg;;
https://www.ideas-events.com/itemimages/1555.jpg;;
https://www.ideas-events.com/itemimages/2417.jpg;;
https://www.ideas-events.com/itemimages/2364.jpg;;
https://www.ideas-events.com/itemimages/2363.jpg;;
https://www.ideas-events.com/itemimages/2012.jpg;;
https://www.ideas-events.com/itemimages/1640.jpg;https://www.ideas-events.com/itemimages/1640-1.jpg;https://www.ideas-events.com/itemimages/1640-2.jpg
https://www.ideas-events.com/itemimages/2013.jpg;https://www.ideas-events.com/itemimages/2013-1.jpg;
https://www.ideas-events.com/itemimages/1888.jpg;;
https://www.ideas-events.com/itemimages/1952.jpg;;
https://www.ideas-events.com/itemimages/2701.jpg;;
https://www.ideas-events.com/itemimages/1953.jpg;;
https://www.ideas-events.com/itemimages/1898.jpg;;
https://www.ideas-events.com/itemimages/1899.jpg;;
https://www.ideas-events.com/itemimages/1274.jpg;;
https://www.ideas-events.com/itemimages/1275.jpg;;
https://www.ideas-events.com/itemimages/1277.jpg;;
https://www.ideas-events.com/itemimages/3375.jpg;;
https://www.ideas-events.com/itemimages/2739.jpg;;
https://www.ideas-events.com/itemimages/2443.jpg;;
https://www.ideas-events.com/itemimages/2448.jpg;;
;;
https://www.ideas-events.com/itemimages/1819.jpg;https://www.ideas-events.com/itemimages/1819-1.jpg;
https://www.ideas-events.com/itemimages/2444.jpg;;
https://www.ideas-events.com/itemimages/2445.jpg;;
https://www.ideas-events.com/itemimages/2447.jpg;;
https://www.ideas-events.com/itemimages/1903.jpg;;
https://www.ideas-events.com/itemimages/2441.jpg;;
https://www.ideas-events.com/itemimages/1961.jpg;;
https://www.ideas-events.com/itemimages/1902.jpg;https://www.ideas-events.com/itemimages/1902-1.jpg;
https://www.ideas-events.com/itemimages/1958.jpg;https://www.ideas-events.com/itemimages/1958-1.jpg;https://www.ideas-events.com/itemimages/1958-2.jpg
https://www.ideas-events.com/itemimages/1968.jpg;;
https://www.ideas-events.com/itemimages/3098.jpg;;
https://www.ideas-events.com/itemimages/2446.jpg;;
https://www.ideas-events.com/itemimages/1979.jpg;;
https://www.ideas-events.com/itemimages/1962.jpg;;
https://www.ideas-events.com/itemimages/1982.jpg;;
https://www.ideas-events.com/itemimages/1954.jpg;https://www.ideas-events.com/itemimages/1954-1.jpg;https://www.ideas-events.com/itemimages/1954-2.jpg
https://www.ideas-events.com/itemimages/1966.jpg;https://www.ideas-events.com/itemimages/1966-1.jpg;
https://www.ideas-events.com/itemimages/1821.jpg;;
https://www.ideas-events.com/itemimages/3047.jpg;;
https://www.ideas-events.com/itemimages/1185.jpg;;
https://www.ideas-events.com/itemimages/1189.jpg;;
https://www.ideas-events.com/itemimages/1187.jpg;;
https://www.ideas-events.com/itemimages/1184.jpg;;
https://www.ideas-events.com/itemimages/1186.jpg;;
https://www.ideas-events.com/itemimages/1188.jpg;;
https://www.ideas-events.com/itemimages/2295.jpg;;
https://www.ideas-events.com/itemimages/2293.jpg;;
https://www.ideas-events.com/itemimages/2294.jpg;;
;;
https://www.ideas-events.com/itemimages/2515.jpg;;
https://www.ideas-events.com/itemimages/2516.jpg;;
;;
https://www.ideas-events.com/itemimages/2705.jpg;;
https://www.ideas-events.com/itemimages/2706.jpg;;
https://www.ideas-events.com/itemimages/2707.jpg;;
https://www.ideas-events.com/itemimages/1861.jpg;;
https://www.ideas-events.com/itemimages/1754.jpg;;
https://www.ideas-events.com/itemimages/2619.jpg;;
https://www.ideas-events.com/itemimages/2829.jpg;;
https://www.ideas-events.com/itemimages/2645.jpg;;
https://www.ideas-events.com/itemimages/1767.jpg;;
https://www.ideas-events.com/itemimages/3428.jpg;https://www.ideas-events.com/itemimages/3428-1.jpg;
https://www.ideas-events.com/itemimages/1865.jpg;;
https://www.ideas-events.com/itemimages/3435.jpg;;
https://www.ideas-events.com/itemimages/1993.jpg;https://www.ideas-events.com/itemimages/1993-1.jpg;
https://www.ideas-events.com/itemimages/1983.jpg;;
https://www.ideas-events.com/itemimages/1994.jpg;;
https://www.ideas-events.com/itemimages/1987.jpg;;
https://www.ideas-events.com/itemimages/1986.jpg;https://www.ideas-events.com/itemimages/1986-1.jpg;
https://www.ideas-events.com/itemimages/3252.jpg;;
https://www.ideas-events.com/itemimages/3276.jpg;;
https://www.ideas-events.com/itemimages/3350.jpg;;
https://www.ideas-events.com/itemimages/3259.jpg;;
https://www.ideas-events.com/itemimages/3346.jpg;;
https://www.ideas-events.com/itemimages/3349.jpg;;
https://www.ideas-events.com/itemimages/3254.jpg;;
https://www.ideas-events.com/itemimages/3461.jpg;;
;;
;;
https://www.ideas-events.com/itemimages/1889.jpg;;
https://www.ideas-events.com/itemimages/1271.jpg;;
https://www.ideas-events.com/itemimages/1422.jpg;;
https://www.ideas-events.com/itemimages/1964.jpg;;
https://www.ideas-events.com/itemimages/1869.jpg;;
https://www.ideas-events.com/itemimages/1171.jpg;https://www.ideas-events.com/itemimages/1171-1.jpg;https://www.ideas-events.com/itemimages/1171-2.jpg
https://www.ideas-events.com/itemimages/2520.jpg;;
https://www.ideas-events.com/itemimages/1034.jpg;https://www.ideas-events.com/itemimages/1034-1.jpg;https://www.ideas-events.com/itemimages/1034-2.jpg
https://www.ideas-events.com/itemimages/1451.jpg;https://www.ideas-events.com/itemimages/1451-1.jpg;https://www.ideas-events.com/itemimages/1451-2.jpg
;;
https://www.ideas-events.com/itemimages/2815.jpg;;
https://www.ideas-events.com/itemimages/1033.jpg;;
https://www.ideas-events.com/itemimages/1453.jpg;;
;;
;;
;;
https://www.ideas-events.com/itemimages/3465.jpg;https://www.ideas-events.com/itemimages/3465-1.jpg;https://www.ideas-events.com/itemimages/3465-2.jpg
https://www.ideas-events.com/itemimages/1039.jpg;https://www.ideas-events.com/itemimages/1039-1.jpg;https://www.ideas-events.com/itemimages/1039-2.jpg
https://www.ideas-events.com/itemimages/2758.jpg;https://www.ideas-events.com/itemimages/2758-1.jpg;
https://www.ideas-events.com/itemimages/2759.jpg;https://www.ideas-events.com/itemimages/2759-1.jpg;https://www.ideas-events.com/itemimages/2759-2.jpg
;;
;;
;;
https://www.ideas-events.com/itemimages/1838.jpg;;
;;
;;
;;
;;
;;
;;
;;
https://www.ideas-events.com/itemimages/3420.jpg;;
https://www.ideas-events.com/itemimages/3401.jpg;;
https://www.ideas-events.com/itemimages/3200.jpg;;
https://www.ideas-events.com/itemimages/3201.jpg;;
https://www.ideas-events.com/itemimages/3099.jpg;;
https://www.ideas-events.com/itemimages/3072.jpg;;
https://www.ideas-events.com/itemimages/3286.jpg;https://www.ideas-events.com/itemimages/3286-1.jpg;
https://www.ideas-events.com/itemimages/3198.jpg;;
https://www.ideas-events.com/itemimages/3202.jpg;;
https://www.ideas-events.com/itemimages/3322.jpg;https://www.ideas-events.com/itemimages/3322-1.jpg;
https://www.ideas-events.com/itemimages/3203.jpg;;
https://www.ideas-events.com/itemimages/2997.jpg;;
https://www.ideas-events.com/itemimages/3299.jpg;;
https://www.ideas-events.com/itemimages/1567.jpg;;
https://www.ideas-events.com/itemimages/1570.jpg;;
https://www.ideas-events.com/itemimages/1573.jpg;;
https://www.ideas-events.com/itemimages/2958.jpg;;
https://www.ideas-events.com/itemimages/2960.jpg;;
https://www.ideas-events.com/itemimages/2961.jpg;;
https://www.ideas-events.com/itemimages/2202.jpg;;
https://www.ideas-events.com/itemimages/2203.jpg;;
https://www.ideas-events.com/itemimages/2928.jpg;;
https://www.ideas-events.com/itemimages/1843.jpg;;
https://www.ideas-events.com/itemimages/2200.jpg;;
;;
https://www.ideas-events.com/itemimages/1572.jpg;https://www.ideas-events.com/itemimages/1572-1.jpg;
https://www.ideas-events.com/itemimages/2201.jpg;;
https://www.ideas-events.com/itemimages/3239.jpg;;
https://www.ideas-events.com/itemimages/3419.jpg;;
https://www.ideas-events.com/itemimages/3394.jpg;;
https://www.ideas-events.com/itemimages/1842.jpg;;
https://www.ideas-events.com/itemimages/1840.jpg;https://www.ideas-events.com/itemimages/1840-1.jpg;
https://www.ideas-events.com/itemimages/1841.jpg;;
https://www.ideas-events.com/itemimages/1837.jpg;https://www.ideas-events.com/itemimages/1837-1.jpg;
https://www.ideas-events.com/itemimages/2205.jpg;;
https://www.ideas-events.com/itemimages/2199.jpg;;
https://www.ideas-events.com/itemimages/2948.jpg;;
https://www.ideas-events.com/itemimages/1563.jpg;https://www.ideas-events.com/itemimages/1563-1.jpg;https://www.ideas-events.com/itemimages/1563-2.jpg
https://www.ideas-events.com/itemimages/1566.jpg;https://www.ideas-events.com/itemimages/1566-1.jpg;https://www.ideas-events.com/itemimages/1566-2.jpg
https://www.ideas-events.com/itemimages/3327.jpg;https://www.ideas-events.com/itemimages/3327-1.jpg;
https://www.ideas-events.com/itemimages/2204.jpg;;
https://www.ideas-events.com/itemimages/3321.jpg;https://www.ideas-events.com/itemimages/3321-1.jpg;
https://www.ideas-events.com/itemimages/1569.jpg;;
https://www.ideas-events.com/itemimages/1564.jpg;https://www.ideas-events.com/itemimages/1564-1.jpg;https://www.ideas-events.com/itemimages/1564-2.jpg
https://www.ideas-events.com/itemimages/1565.jpg;;
https://www.ideas-events.com/itemimages/1568.jpg;;
https://www.ideas-events.com/itemimages/1571.jpg;;
https://www.ideas-events.com/itemimages/1574.jpg;;
https://www.ideas-events.com/itemimages/3326.jpg;;
https://www.ideas-events.com/itemimages/2769.jpg;;
https://www.ideas-events.com/itemimages/2878.jpg;;
https://www.ideas-events.com/itemimages/1491.jpg;;
;;
https://www.ideas-events.com/itemimages/1501.jpg;https://www.ideas-events.com/itemimages/1501-1.jpg;https://www.ideas-events.com/itemimages/1501-2.jpg
https://www.ideas-events.com/itemimages/1474.jpg;;
https://www.ideas-events.com/itemimages/1480.jpg;;
https://www.ideas-events.com/itemimages/1481.jpg;;
https://www.ideas-events.com/itemimages/1482.jpg;https://www.ideas-events.com/itemimages/1482-1.jpg;
https://www.ideas-events.com/itemimages/1507.jpg;;
https://www.ideas-events.com/itemimages/1490.jpg;;
https://www.ideas-events.com/itemimages/1514.jpg;;
https://www.ideas-events.com/itemimages/1515.jpg;;
https://www.ideas-events.com/itemimages/1516.jpg;;
https://www.ideas-events.com/itemimages/1499.jpg;;
https://www.ideas-events.com/itemimages/1479.jpg;;
https://www.ideas-events.com/itemimages/1977.jpg;;
;;
https://www.ideas-events.com/itemimages/1505.jpg;;
;;
;;
https://www.ideas-events.com/itemimages/1626.jpg;;
;;
;;
;;
https://www.ideas-events.com/itemimages/2522.jpg;;
;;
https://www.ideas-events.com/itemimages/3070.jpg;https://www.ideas-events.com/itemimages/3070-1.jpg;
https://www.ideas-events.com/itemimages/3405.jpg;https://www.ideas-events.com/itemimages/3405-1.jpg;
https://www.ideas-events.com/itemimages/3356.jpg;;
https://www.ideas-events.com/itemimages/3352.jpg;;
https://www.ideas-events.com/itemimages/2348.jpg;;
;;
;;
;;
;;
;;
;;
https://www.ideas-events.com/itemimages/3071.jpg;;
https://www.ideas-events.com/itemimages/1693.jpg;;
https://www.ideas-events.com/itemimages/1695.jpg;;
;;
https://www.ideas-events.com/itemimages/1707.jpg;;
;;
https://www.ideas-events.com/itemimages/2171.jpg;;
;;
https://www.ideas-events.com/itemimages/2106.jpg;;
https://www.ideas-events.com/itemimages/2234.jpg;;
https://www.ideas-events.com/itemimages/2235.jpg;;
;;
https://www.ideas-events.com/itemimages/2095.jpg;;
;;
https://www.ideas-events.com/itemimages/2097.jpg;;
https://www.ideas-events.com/itemimages/1687.jpg;;
https://www.ideas-events.com/itemimages/2975.jpg;;
https://www.ideas-events.com/itemimages/1680.jpg;;
https://www.ideas-events.com/itemimages/2749.jpg;;
https://www.ideas-events.com/itemimages/2737.jpg;;
https://www.ideas-events.com/itemimages/2209.jpg;;
https://www.ideas-events.com/itemimages/1679.jpg;;
https://www.ideas-events.com/itemimages/2919.jpg;;
https://www.ideas-events.com/itemimages/3244.jpg;;
https://www.ideas-events.com/itemimages/3341.jpg;;
;;
https://www.ideas-events.com/itemimages/2232.jpg;;
https://www.ideas-events.com/itemimages/1759.jpg;;
https://www.ideas-events.com/itemimages/2045.jpg;;
https://www.ideas-events.com/itemimages/2160.jpg;;
https://www.ideas-events.com/itemimages/2046.jpg;;
https://www.ideas-events.com/itemimages/2161.jpg;;
;;
https://www.ideas-events.com/itemimages/3474.jpg;;
https://www.ideas-events.com/itemimages/3473.jpg;;
https://www.ideas-events.com/itemimages/3475.jpg;;
https://www.ideas-events.com/itemimages/3481.jpg;;
https://www.ideas-events.com/itemimages/3483.jpg;;
https://www.ideas-events.com/itemimages/1709.jpg;;
https://www.ideas-events.com/itemimages/1711.jpg;;
https://www.ideas-events.com/itemimages/3471.jpg;;
https://www.ideas-events.com/itemimages/2221.jpg;;
https://www.ideas-events.com/itemimages/2223.jpg;;
https://www.ideas-events.com/itemimages/2224.jpg;;
https://www.ideas-events.com/itemimages/2227.jpg;;
https://www.ideas-events.com/itemimages/2228.jpg;;
https://www.ideas-events.com/itemimages/2087.jpg;;
https://www.ideas-events.com/itemimages/1691.jpg;;
https://www.ideas-events.com/itemimages/2088.jpg;;
https://www.ideas-events.com/itemimages/2781.jpg;;
https://www.ideas-events.com/itemimages/3339.jpg;;
https://www.ideas-events.com/itemimages/1681.jpg;;
https://www.ideas-events.com/itemimages/1682.jpg;;
https://www.ideas-events.com/itemimages/1683.jpg;;
https://www.ideas-events.com/itemimages/1685.jpg;;
https://www.ideas-events.com/itemimages/2175.jpg;;
https://www.ideas-events.com/itemimages/2176.jpg;;
https://www.ideas-events.com/itemimages/2111.jpg;;
https://www.ideas-events.com/itemimages/2211.jpg;;
https://www.ideas-events.com/itemimages/2212.jpg;;
https://www.ideas-events.com/itemimages/2947.jpg;;
https://www.ideas-events.com/itemimages/2125.jpg;;
https://www.ideas-events.com/itemimages/2127.jpg;;
https://www.ideas-events.com/itemimages/1873.jpg;;
https://www.ideas-events.com/itemimages/2091.jpg;;
https://www.ideas-events.com/itemimages/2092.jpg;;
https://www.ideas-events.com/itemimages/2093.jpg;;
https://www.ideas-events.com/itemimages/3146.jpg;;
https://www.ideas-events.com/itemimages/3147.jpg;;
https://www.ideas-events.com/itemimages/1876.jpg;;
https://www.ideas-events.com/itemimages/2583.jpg;;
;;
;;
https://www.ideas-events.com/itemimages/1716.jpg;;
https://www.ideas-events.com/itemimages/2513.jpg;;
https://www.ideas-events.com/itemimages/2767.jpg;;
https://www.ideas-events.com/itemimages/2004.jpg;;
https://www.ideas-events.com/itemimages/1875.jpg;;
https://www.ideas-events.com/itemimages/2622.jpg;;
;;
;;
https://www.ideas-events.com/itemimages/1706.jpg;;
https://www.ideas-events.com/itemimages/1686.jpg;;
https://www.ideas-events.com/itemimages/2581.jpg;;
https://www.ideas-events.com/itemimages/2582.jpg;;
https://www.ideas-events.com/itemimages/2003.jpg;;
https://www.ideas-events.com/itemimages/2113.jpg;;
https://www.ideas-events.com/itemimages/2114.jpg;;
https://www.ideas-events.com/itemimages/1699.jpg;;
https://www.ideas-events.com/itemimages/2233.jpg;;
;;
;;
;;
https://www.ideas-events.com/itemimages/3056.jpg;;
https://www.ideas-events.com/itemimages/2804.jpg;;
https://www.ideas-events.com/itemimages/2805.jpg;;
https://www.ideas-events.com/itemimages/3036.jpg;;
https://www.ideas-events.com/itemimages/2743.jpg;https://www.ideas-events.com/itemimages/2743-1.jpg;
https://www.ideas-events.com/itemimages/2745.jpg;;
https://www.ideas-events.com/itemimages/2744.jpg;;
https://www.ideas-events.com/itemimages/1906.jpg;;
https://www.ideas-events.com/itemimages/1296.jpg;;
https://www.ideas-events.com/itemimages/1907.jpg;;
https://www.ideas-events.com/itemimages/1908.jpg;;
https://www.ideas-events.com/itemimages/3207.jpg;;
https://www.ideas-events.com/itemimages/3204.jpg;;
https://www.ideas-events.com/itemimages/2519.jpg;;
https://www.ideas-events.com/itemimages/1297.jpg;https://www.ideas-events.com/itemimages/1297-1.jpg;
https://www.ideas-events.com/itemimages/2130.jpg;;
https://www.ideas-events.com/itemimages/2131.jpg;;
https://www.ideas-events.com/itemimages/1304.jpg;;
https://www.ideas-events.com/itemimages/3193.jpg;;
https://www.ideas-events.com/itemimages/1308.jpg;;
https://www.ideas-events.com/itemimages/1354.jpg;;
https://www.ideas-events.com/itemimages/2155.jpg;;
https://www.ideas-events.com/itemimages/2178.jpg;https://www.ideas-events.com/itemimages/2178-1.jpg;
https://www.ideas-events.com/itemimages/2179.jpg;https://www.ideas-events.com/itemimages/2179-1.jpg;
https://www.ideas-events.com/itemimages/1314.jpg;;
https://www.ideas-events.com/itemimages/1306.jpg;;
https://www.ideas-events.com/itemimages/3186.jpg;;
https://www.ideas-events.com/itemimages/1904.jpg;;
https://www.ideas-events.com/itemimages/2528.jpg;;
https://www.ideas-events.com/itemimages/2529.jpg;;
https://www.ideas-events.com/itemimages/2530.jpg;;
https://www.ideas-events.com/itemimages/2121.jpg;;
https://www.ideas-events.com/itemimages/2151.jpg;;
https://www.ideas-events.com/itemimages/1866.jpg;https://www.ideas-events.com/itemimages/1866-1.jpg;
https://www.ideas-events.com/itemimages/1403.jpg;;
https://www.ideas-events.com/itemimages/1905.jpg;https://www.ideas-events.com/itemimages/1905-1.jpg;
https://www.ideas-events.com/itemimages/2182.jpg;;
https://www.ideas-events.com/itemimages/2183.jpg;;
https://www.ideas-events.com/itemimages/1404.jpg;;
https://www.ideas-events.com/itemimages/3209.jpg;;
https://www.ideas-events.com/itemimages/1317.jpg;;
https://www.ideas-events.com/itemimages/1313.jpg;https://www.ideas-events.com/itemimages/1313-1.jpg;
https://www.ideas-events.com/itemimages/1863.jpg;;
https://www.ideas-events.com/itemimages/2129.jpg;;
https://www.ideas-events.com/itemimages/1353.jpg;;
https://www.ideas-events.com/itemimages/1402.jpg;;
https://www.ideas-events.com/itemimages/3362.jpg;;
https://www.ideas-events.com/itemimages/2184.jpg;;
https://www.ideas-events.com/itemimages/2185.jpg;;
https://www.ideas-events.com/itemimages/2751.jpg;;
https://www.ideas-events.com/itemimages/2752.jpg;;
https://www.ideas-events.com/itemimages/2753.jpg;;
https://www.ideas-events.com/itemimages/2754.jpg;;
https://www.ideas-events.com/itemimages/3076.jpg;;
https://www.ideas-events.com/itemimages/3077.jpg;;
https://www.ideas-events.com/itemimages/1864.jpg;;
https://www.ideas-events.com/itemimages/2972.jpg;;
https://www.ideas-events.com/itemimages/1355.jpg;https://www.ideas-events.com/itemimages/1355-1.jpg;
https://www.ideas-events.com/itemimages/2181.jpg;https://www.ideas-events.com/itemimages/2181-1.jpg;
https://www.ideas-events.com/itemimages/1357.jpg;;
https://www.ideas-events.com/itemimages/1309.jpg;;
https://www.ideas-events.com/itemimages/1315.jpg;https://www.ideas-events.com/itemimages/1315-1.jpg;
https://www.ideas-events.com/itemimages/1359.jpg;;
https://www.ideas-events.com/itemimages/1358.jpg;;
https://www.ideas-events.com/itemimages/1882.jpg;https://www.ideas-events.com/itemimages/1882-1.jpg;
https://www.ideas-events.com/itemimages/1883.jpg;https://www.ideas-events.com/itemimages/1883-1.jpg;
https://www.ideas-events.com/itemimages/1884.jpg;https://www.ideas-events.com/itemimages/1884-1.jpg;
https://www.ideas-events.com/itemimages/3058.jpg;https://www.ideas-events.com/itemimages/3058-1.jpg;
https://www.ideas-events.com/itemimages/1316.jpg;;
https://www.ideas-events.com/itemimages/3361.jpg;;
https://www.ideas-events.com/itemimages/3363.jpg;https://www.ideas-events.com/itemimages/3363-1.jpg;
https://www.ideas-events.com/itemimages/3360.jpg;;
https://www.ideas-events.com/itemimages/3369.jpg;;
https://www.ideas-events.com/itemimages/3358.jpg;;
https://www.ideas-events.com/itemimages/3359.jpg;;
https://www.ideas-events.com/itemimages/3364.jpg;https://www.ideas-events.com/itemimages/3364-1.jpg;
https://www.ideas-events.com/itemimages/2063.jpg;;
https://www.ideas-events.com/itemimages/2064.jpg;;
https://www.ideas-events.com/itemimages/2338.jpg;;
https://www.ideas-events.com/itemimages/2788.jpg;;
https://www.ideas-events.com/itemimages/2379.jpg;;
https://www.ideas-events.com/itemimages/2791.jpg;;
https://www.ideas-events.com/itemimages/2377.jpg;;
https://www.ideas-events.com/itemimages/2193.jpg;;
https://www.ideas-events.com/itemimages/2062.jpg;;
https://www.ideas-events.com/itemimages/2339.jpg;;
https://www.ideas-events.com/itemimages/2340.jpg;;
https://www.ideas-events.com/itemimages/3412.jpg;https://www.ideas-events.com/itemimages/3412-1.jpg;https://www.ideas-events.com/itemimages/3412-2.jpg
https://www.ideas-events.com/itemimages/2792.jpg;;
https://www.ideas-events.com/itemimages/2793.jpg;;
https://www.ideas-events.com/itemimages/2794.jpg;;
https://www.ideas-events.com/itemimages/2576.jpg;;
https://www.ideas-events.com/itemimages/2577.jpg;;
https://www.ideas-events.com/itemimages/2572.jpg;;
https://www.ideas-events.com/itemimages/3154.jpg;;
https://www.ideas-events.com/itemimages/3155.jpg;;
https://www.ideas-events.com/itemimages/1128.jpg;;
https://www.ideas-events.com/itemimages/3279.jpg;;
https://www.ideas-events.com/itemimages/2951.jpg;;
https://www.ideas-events.com/itemimages/2950.jpg;;
https://www.ideas-events.com/itemimages/2368.jpg;;
https://www.ideas-events.com/itemimages/2369.jpg;;
https://www.ideas-events.com/itemimages/2370.jpg;;
